DAQSTANDARD,,R9.03.02,,,,,,,,,,,,,,,,,,,,,,,,,,,,
Data Viewer,,R9.03.02,,,,,,,,,,,,,,,,,,,,,,,,,,,,
Contoso Manufacturing Company,,John Doe,,999-99999-****,,,,,,,,,,,,,,,,,,,,,,,,,,
,,,,,,,,,,,,,,,,,,,,,,,,,,,,,,
Device Type,,DX2000,,,,,,,,,,,,,,,,,,,,,,,,,,,,
Serial No.,,S5K401359,,,,,,,,,,,,,,,,,,,,,,,,,,,,
File Message,, Data,,,,,,,,,,,,,,,,,,,,,,,,,,,,
Time Correction,,None,,,,,,,,,,,,,,,,,,,,,,,,,,,,
Starting Condition,,Auto,,,,,,,,,,,,,,,,,,,,,,,,,,,,
Dividing Condition,,Auto,,,,,,,,,,,,,,,,,,,,,,,,,,,,
Meas Ch.,,18,,,,,,,,,,,,,,,,,,,,,,,,,,,,
Math Ch.,,0,,,,,,,,,,,,,,,,,,,,,,,,,,,,
Ext Ch.,,0,,,,,,,,,,,,,,,,,,,,,,,,,,,,
Data Count,,504,,,,,,,,,,,,,,,,,,,,,,,,,,,,
Sampling Interval,,1200.000,sec,,,,,,,,,,,,,,,,,,,,,,,,,,,
Start Time,,2015/11/23,15:00:00,0.000,,,,,,,,,,,,,,,,,,,,,,,,,,
Stop Time,,2015/11/30,14:40:00,0.000,,,,,,,,,,,,,,,,,,,,,,,,,,
Trigger Time,,2015/11/30,14:40:00,0.000,,,,,,,,,,,,,,,,,,,,,,,,,,
Trigger No.,,503,,,,,,,,,,,,,,,,,,,,,,,,,,,,
Damage Check,,Not Damaged,,,,,,,,,,,,,,,,,,,,,,,,,,,,
Started by,,[ Key In ],,,,,,,,,,,,,,,,,,,,,,,,,,,,
Stopped by,,[ Running ],,,,,,,,,,,,,,,,,,,,,,,,,,,,
,,,,,,,,,,,,,,,,,,,,,,,,,,,,,,
Num. Of Converted Data,,504,,,,,,,,,,,,,,,,,,,,,,,,,,,,
Num. Of Converted Ch.,,14,,,,,,,,,,,,,,,,,,,,,,,,,,,,
Converted Group,,,,,,,,,,,,,,,,,,,,,,,,,,,,,,
,,,,,,,,,,,,,,,,,,,,,,,,,,,,,,
,,Ch.,CH001,,CH003,,CH004,,CH005,,CH006,,CH007,,CH008,,CH009,,CH010,,CH011,,CH012,,CH013,,CH014,,CH015,
,,Tag,FEED pH,,FEED COND,,PERM 1 COND,,PERM 2 COND,,PERM 1 FLOW,,PERM 2 FLOW,,CONC 1 FLOW,,CONC 2 FLOW,,FEED PRESSURE,,PERM 1 PRESSURE,,PERM 2 PRESSURE,,TRAIN A dP,,TRAIN B dP,,FEED TEMP,
,,Tag No.,,,,,,,,,,,,,,,,,,,,,,,,,,,,
,,Unit,pH,, �S/cm,,�S/cm,,�S/cm,, GPM,,GPM,,GPM,,GPM,,psi,,psi,,psi,,psi,,psi,,deg C,
Date,Time,sec,MIN,MAX,MIN,MAX,MIN,MAX,MIN,MAX,MIN,MAX,MIN,MAX,MIN,MAX,MIN,MAX,MIN,MAX,MIN,MAX,MIN,MAX,MIN,MAX,MIN,MAX,MIN,MAX
2015/11/23,15:00:00,0.000,11.24,11.33,199,266,2.9,3.3,3.2,3.5,2.028,2.041,1.943,1.953,1.004,1.009,0.973,0.981,122.82,124.01,15.64,15.96,3.53,3.61,22.13,23.12,42.17,43.61,21.48,22.39
2015/11/23,15:20:00,0.000,11.23,11.32,193,259,2.9,3.3,3.1,3.5,2.029,2.041,1.943,1.953,1.005,1.009,0.973,0.982,122.93,124.06,15.63,15.93,3.54,3.60,22.24,23.20,42.34,43.73,21.49,22.22
2015/11/23,15:40:00,0.000,11.24,11.34,191,261,2.9,3.3,3.1,3.5,2.029,2.042,1.943,1.954,1.005,1.009,0.973,0.982,122.91,123.99,15.68,15.97,3.53,3.61,22.23,23.15,42.32,43.68,21.58,22.25
2015/11/23,16:00:00,0.000,11.24,11.31,188,267,2.9,3.3,3.2,3.5,2.030,2.042,1.943,1.952,1.005,1.009,0.972,0.981,122.93,124.19,15.64,15.96,3.53,3.60,22.27,23.33,42.42,43.96,21.58,22.19
2015/11/23,16:20:00,0.000,11.25,11.33,193,257,3.0,3.3,3.1,3.5,2.030,2.043,1.943,1.953,1.005,1.009,0.972,0.980,123.00,124.04,15.68,15.97,3.53,3.60,22.39,23.26,42.58,43.84,21.65,22.20
2015/11/23,16:40:00,0.000,11.26,11.33,195,262,2.5,3.9,2.4,4.6,-0.005,2.042,-0.004,2.001,0.999,1.021,0.947,1.004,122.96,127.05,15.70,20.77,3.29,3.78,0.40,23.30,0.65,45.21,21.61,22.23
2015/11/23,17:00:00,0.000,11.27,11.34,167,263,3.0,3.3,3.2,3.5,1.993,2.005,1.986,1.996,0.999,1.003,0.996,1.004,125.93,127.14,20.45,20.74,3.70,3.77,21.98,22.96,43.70,45.22,21.66,22.26
2015/11/23,17:20:00,0.000,11.27,11.35,191,271,3.0,3.3,3.2,3.5,1.994,2.005,1.986,1.996,0.999,1.003,0.996,1.005,125.86,127.12,20.47,20.77,3.70,3.77,21.99,23.00,43.65,45.23,21.66,22.30
2015/11/23,17:40:00,0.000,11.27,11.36,195,265,3.0,3.3,3.2,3.5,1.994,2.005,1.986,1.996,0.999,1.003,0.996,1.004,125.88,127.16,20.47,20.77,3.70,3.76,22.09,23.07,43.81,45.30,21.61,22.34
2015/11/23,18:00:00,0.000,11.27,11.36,187,268,3.0,3.2,3.1,3.6,1.994,2.004,1.986,1.995,0.999,1.003,0.996,1.004,126.02,127.16,20.47,20.73,3.70,3.76,22.12,23.10,43.84,45.35,21.58,22.36
2015/11/23,18:20:00,0.000,11.28,11.37,185,264,3.0,3.1,3.1,3.3,1.994,2.005,1.985,1.995,0.999,1.004,0.996,1.005,126.04,127.25,20.47,20.74,3.70,3.77,22.18,23.24,43.93,45.54,21.66,22.22
2015/11/23,18:40:00,0.000,11.29,11.38,196,261,3.0,3.1,3.1,3.6,1.994,2.005,1.985,1.995,0.999,1.003,0.996,1.005,126.08,127.30,20.48,20.74,3.70,3.77,22.18,23.22,43.92,45.50,21.68,22.30
2015/11/23,19:00:00,0.000,11.29,11.39,189,266,3.0,3.3,3.1,3.4,1.994,2.006,1.985,1.994,0.999,1.003,0.996,1.004,126.13,127.32,20.47,20.75,3.70,3.76,22.22,23.22,43.99,45.51,21.61,22.29
2015/11/23,19:20:00,0.000,11.30,11.39,196,267,3.0,3.1,3.1,3.3,1.994,2.006,1.984,1.994,0.999,1.004,0.996,1.004,126.20,127.39,20.48,20.74,3.70,3.77,22.23,23.29,44.02,45.62,21.64,22.31
2015/11/23,19:40:00,0.000,11.31,11.39,198,265,2.9,3.1,3.1,3.3,1.995,2.006,1.985,1.995,0.999,1.003,0.996,1.003,126.17,127.41,20.44,20.74,3.70,3.76,22.29,23.34,44.09,45.72,21.63,22.31
2015/11/23,20:00:00,0.000,11.32,11.40,194,262,2.9,3.1,3.1,3.3,1.995,2.006,1.984,1.993,0.999,1.003,0.995,1.003,126.24,127.41,20.50,20.74,3.70,3.76,22.33,23.38,44.17,45.77,21.73,22.20
2015/11/23,20:20:00,0.000,11.32,11.40,195,277,2.9,3.2,3.1,3.3,1.995,2.005,1.984,1.993,1.000,1.003,0.996,1.003,126.33,127.57,20.50,20.77,3.69,3.76,22.40,23.36,44.28,45.75,21.71,22.21
2015/11/23,20:40:00,0.000,11.32,11.40,196,271,2.7,3.1,3.1,3.3,1.996,2.006,1.984,1.992,1.000,1.003,0.996,1.003,126.51,127.64,20.49,20.75,3.69,3.75,22.53,23.51,44.50,45.96,21.74,22.18
2015/11/23,21:00:00,0.000,11.32,11.40,198,277,2.9,3.1,3.1,3.3,1.995,2.006,1.984,1.993,0.999,1.003,0.995,1.004,126.42,127.64,20.50,20.75,3.70,3.76,22.41,23.47,44.31,45.91,21.66,22.28
2015/11/23,21:20:00,0.000,11.32,11.41,195,263,2.9,3.3,3.1,3.3,1.996,2.007,1.983,1.992,0.999,1.003,0.995,1.003,126.40,127.66,20.50,20.78,3.69,3.75,22.50,23.58,44.46,46.07,21.68,22.23
2015/11/23,21:40:00,0.000,11.33,11.41,189,265,2.9,3.1,3.1,3.3,1.996,2.007,1.983,1.993,0.999,1.003,0.995,1.003,126.51,127.75,20.50,20.79,3.69,3.76,22.55,23.67,44.52,46.21,21.70,22.22
2015/11/23,22:00:00,0.000,11.32,11.41,197,278,2.7,3.3,3.1,3.5,1.996,2.007,1.982,1.992,0.999,1.003,0.995,1.002,126.60,127.79,20.51,20.77,3.68,3.75,22.62,23.70,44.66,46.22,21.71,22.18
2015/11/23,22:20:00,0.000,11.32,11.40,190,270,2.9,3.1,3.1,3.3,1.996,2.006,1.982,1.992,0.999,1.004,0.995,1.003,126.65,127.88,20.52,20.75,3.68,3.76,22.65,23.65,44.68,46.20,21.69,22.20
2015/11/23,22:40:00,0.000,11.32,11.41,195,267,2.9,3.1,3.1,3.3,1.997,2.007,1.981,1.991,1.000,1.004,0.995,1.003,126.71,127.91,20.51,20.77,3.68,3.76,22.69,23.70,44.72,46.25,21.65,22.25
2015/11/23,23:00:00,0.000,11.33,11.41,193,270,2.9,3.1,3.1,3.5,1.997,2.008,1.982,1.992,1.000,1.004,0.995,1.003,126.65,127.86,20.51,20.80,3.68,3.75,22.70,23.74,44.71,46.30,21.71,22.24
2015/11/23,23:20:00,0.000,11.33,11.42,195,269,2.9,3.1,3.1,3.3,1.997,2.007,1.982,1.991,1.000,1.003,0.994,1.003,126.69,127.91,20.49,20.77,3.68,3.76,22.71,23.76,44.73,46.32,21.75,22.16
2015/11/23,23:40:00,0.000,11.33,11.41,196,260,2.9,3.3,3.1,3.3,1.997,2.008,1.981,1.991,1.000,1.003,0.994,1.003,126.80,128.04,20.51,20.78,3.68,3.75,22.81,23.83,44.91,46.42,21.69,22.19
2015/11/24,00:00:00,0.000,11.32,11.40,198,266,2.9,3.1,3.1,3.3,1.996,2.007,1.981,1.991,1.000,1.004,0.995,1.002,126.80,128.06,20.51,20.79,3.67,3.74,22.77,23.84,44.86,46.45,21.71,22.19
2015/11/24,00:20:00,0.000,11.32,11.40,197,268,2.9,3.1,3.1,3.3,1.997,2.007,1.981,1.990,1.000,1.004,0.994,1.003,126.96,128.13,20.51,20.80,3.67,3.75,22.89,23.91,45.06,46.56,21.69,22.21
2015/11/24,00:40:00,0.000,11.32,11.41,192,261,2.9,3.1,3.1,3.3,1.997,2.008,1.981,1.990,1.000,1.004,0.994,1.003,126.96,128.15,20.55,20.80,3.68,3.75,22.85,23.96,45.01,46.63,21.68,22.23
2015/11/24,01:00:00,0.000,11.32,11.41,191,259,2.9,3.3,3.1,3.3,1.997,2.008,1.981,1.990,1.000,1.003,0.994,1.002,126.98,128.27,20.54,20.81,3.67,3.75,22.94,24.11,45.14,46.88,21.71,22.24
2015/11/24,01:20:00,0.000,11.32,11.41,191,264,2.9,3.1,3.0,3.3,1.998,2.008,1.980,1.990,1.000,1.004,0.995,1.003,126.92,128.29,20.53,20.80,3.68,3.75,22.91,24.02,45.07,46.75,21.67,22.30
2015/11/24,01:40:00,0.000,11.31,11.39,195,274,2.9,3.3,3.1,3.3,1.997,2.008,1.979,1.988,1.000,1.004,0.995,1.002,127.19,128.47,20.55,20.80,3.67,3.74,23.04,24.16,45.27,46.96,21.68,22.21
2015/11/24,02:00:00,0.000,11.31,11.39,196,265,2.9,3.3,3.1,3.4,1.998,2.009,1.980,1.990,1.000,1.004,0.995,1.003,127.05,128.40,20.54,20.80,3.67,3.74,22.99,24.10,45.21,46.87,21.69,22.24
2015/11/24,02:20:00,0.000,11.31,11.40,174,268,2.9,3.3,3.1,3.6,1.999,2.010,1.980,1.990,1.000,1.004,0.994,1.002,127.21,128.40,20.53,20.81,3.67,3.75,23.11,24.19,45.37,46.96,21.73,22.21
2015/11/24,02:40:00,0.000,11.31,11.40,198,271,2.9,3.3,3.1,3.5,1.999,2.009,1.980,1.990,1.000,1.004,0.994,1.001,127.14,128.47,20.56,20.81,3.67,3.74,23.09,24.20,45.35,47.01,21.73,22.21
2015/11/24,03:00:00,0.000,11.31,11.39,193,276,2.9,3.1,3.1,3.3,1.998,2.010,1.980,1.989,1.000,1.004,0.994,1.002,127.14,128.54,20.56,20.82,3.67,3.74,23.11,24.21,45.37,47.01,21.73,22.14
2015/11/24,03:20:00,0.000,11.31,11.40,195,273,2.9,3.3,3.1,3.5,1.998,2.009,1.979,1.988,1.001,1.004,0.994,1.003,127.37,128.60,20.56,20.80,3.67,3.74,23.21,24.28,45.53,47.10,21.74,22.11
2015/11/24,03:40:00,0.000,11.31,11.39,193,273,2.9,3.1,3.1,3.5,1.999,2.009,1.979,1.988,1.000,1.004,0.994,1.001,127.37,128.65,20.56,20.83,3.67,3.74,23.24,24.30,45.58,47.15,21.76,22.16
2015/11/24,04:00:00,0.000,11.31,11.40,197,268,2.9,3.1,3.1,3.3,1.999,2.010,1.979,1.989,1.000,1.004,0.994,1.001,127.41,128.58,20.56,20.83,3.67,3.74,23.30,24.39,45.70,47.28,21.75,22.15
2015/11/24,04:20:00,0.000,11.31,11.39,195,271,2.9,3.1,3.1,3.3,1.999,2.010,1.979,1.989,1.000,1.004,0.994,1.001,127.43,128.60,20.58,20.84,3.67,3.74,23.33,24.36,45.71,47.22,21.77,22.18
2015/11/24,04:40:00,0.000,11.30,11.39,187,265,2.9,3.1,3.1,3.3,1.999,2.009,1.979,1.988,1.000,1.004,0.994,1.002,127.50,128.81,20.57,20.83,3.67,3.73,23.38,24.50,45.80,47.44,21.73,22.13
2015/11/24,05:00:00,0.000,11.29,11.38,195,263,2.9,3.1,3.0,3.3,1.998,2.010,1.977,1.986,1.002,1.006,0.994,1.003,127.77,129.03,20.54,20.81,3.67,3.73,23.43,24.45,45.88,47.37,21.59,22.13
2015/11/24,05:20:00,0.000,11.28,11.37,187,271,2.9,3.1,3.1,3.3,1.998,2.009,1.977,1.986,1.001,1.005,0.994,1.003,127.77,129.08,20.58,20.83,3.67,3.73,23.45,24.57,45.92,47.56,21.68,22.07
2015/11/24,05:40:00,0.000,11.28,11.38,143,266,2.9,3.1,3.1,3.3,2.000,2.010,1.978,1.986,1.001,1.005,0.994,1.002,127.70,128.94,20.58,20.86,3.67,3.73,23.43,24.52,45.89,47.48,21.73,22.12
2015/11/24,06:00:00,0.000,11.28,11.37,195,273,2.9,3.1,3.1,3.3,2.000,2.010,1.978,1.987,1.001,1.004,0.993,1.001,127.66,128.94,20.59,20.86,3.67,3.74,23.49,24.63,45.96,47.65,21.71,22.20
2015/11/24,06:20:00,0.000,11.27,11.36,195,273,2.9,3.3,3.1,3.5,1.998,2.010,1.975,1.986,1.001,1.005,0.993,1.002,127.79,129.28,20.54,20.84,3.66,3.73,23.55,24.69,46.08,47.74,21.61,22.10
2015/11/24,06:40:00,0.000,11.25,11.34,195,263,2.9,3.1,3.1,3.3,1.997,2.009,1.974,1.984,1.002,1.007,0.995,1.003,128.15,129.55,20.56,20.80,3.64,3.72,23.62,24.72,46.18,47.78,21.46,22.00
2015/11/24,07:00:00,0.000,11.22,11.32,197,261,3.0,3.3,3.3,3.5,1.996,2.008,1.973,1.982,1.003,1.008,0.995,1.004,128.42,129.71,20.50,20.83,3.64,3.72,23.64,24.77,46.25,47.90,21.38,21.99
2015/11/24,07:20:00,0.000,11.21,11.31,192,259,3.0,3.3,3.1,3.5,1.998,2.010,1.975,1.984,1.002,1.007,0.994,1.003,128.29,129.57,20.57,20.83,3.64,3.72,23.75,24.85,46.42,47.96,21.56,22.12
2015/11/24,07:40:00,0.000,11.21,11.31,192,268,3.0,3.3,3.3,3.5,2.000,2.010,1.975,1.984,1.002,1.006,0.994,1.002,128.22,129.44,20.59,20.86,3.66,3.73,23.76,24.89,46.40,48.06,21.59,22.15
2015/11/24,08:00:00,0.000,11.20,11.30,190,260,3.0,3.3,3.3,3.5,1.999,2.010,1.974,1.984,1.002,1.006,0.994,1.003,128.29,129.57,20.56,20.86,3.65,3.72,23.75,24.92,46.37,48.11,21.45,22.08
2015/11/24,08:20:00,0.000,11.19,11.28,189,258,3.0,3.3,3.3,3.5,1.999,2.010,1.975,1.984,1.002,1.006,0.994,1.003,128.31,129.55,20.56,20.83,3.65,3.72,23.86,24.88,46.53,48.01,21.52,22.09
2015/11/24,08:40:00,0.000,11.19,11.28,196,268,3.0,3.3,3.3,3.6,2.000,2.011,1.975,1.984,1.001,1.005,0.993,1.001,128.24,129.46,20.59,20.86,3.66,3.72,23.85,24.95,46.53,48.13,21.56,22.23
2015/11/24,09:00:00,0.000,11.18,11.27,195,266,3.0,3.3,3.3,3.5,2.001,2.013,1.975,1.985,1.001,1.005,0.992,1.001,128.20,129.44,20.59,20.87,3.66,3.73,23.90,25.07,46.57,48.29,21.56,22.30
2015/11/24,09:20:00,0.000,11.18,11.27,193,262,3.0,3.4,3.3,3.5,2.000,2.011,1.975,1.985,1.001,1.006,0.993,1.001,128.31,129.57,20.59,20.87,3.65,3.72,23.91,25.01,46.61,48.22,21.60,22.21
2015/11/24,09:40:00,0.000,11.18,11.28,192,264,3.0,3.4,3.3,3.5,2.001,2.011,1.975,1.984,1.001,1.006,0.993,1.002,128.42,129.73,20.58,20.85,3.65,3.72,24.00,25.05,46.74,48.24,21.50,22.16
2015/11/24,10:00:00,0.000,11.17,11.28,197,280,3.0,3.3,3.3,3.5,2.000,2.012,1.974,1.984,1.001,1.006,0.993,1.002,128.36,129.71,20.57,20.88,3.65,3.72,23.85,25.09,46.53,48.31,21.49,22.19
2015/11/24,10:20:00,0.000,11.18,11.27,194,259,3.0,3.3,3.3,3.5,2.002,2.013,1.974,1.984,1.001,1.005,0.992,1.000,128.42,129.62,20.60,20.89,3.66,3.72,24.09,25.14,46.88,48.41,21.58,22.21
2015/11/24,10:40:00,0.000,11.18,11.29,196,265,3.0,3.3,3.2,3.5,2.002,2.012,1.975,1.985,1.001,1.005,0.991,1.000,128.42,129.62,20.64,20.89,3.65,3.72,24.10,25.16,46.90,48.45,21.58,22.27
2015/11/24,11:00:00,0.000,11.18,11.30,191,271,3.0,3.3,3.2,3.6,2.003,2.014,1.975,1.985,1.000,1.005,0.991,0.999,128.31,129.66,20.58,20.91,3.66,3.73,24.09,25.23,46.92,48.51,21.64,22.32
2015/11/24,11:20:00,0.000,11.20,11.30,192,261,3.0,3.3,3.2,3.5,2.002,2.014,1.975,1.984,1.000,1.005,0.990,0.999,128.36,129.64,20.61,20.91,3.65,3.72,24.12,25.30,46.92,48.60,21.58,22.30
2015/11/24,11:40:00,0.000,11.21,11.30,197,280,3.0,3.3,3.2,3.5,2.003,2.014,1.975,1.984,1.000,1.005,0.991,1.000,128.42,129.68,20.63,20.90,3.65,3.72,24.10,25.33,46.93,48.68,21.64,22.32
2015/11/24,12:00:00,0.000,11.21,11.30,191,262,3.0,3.4,3.2,3.5,2.003,2.014,1.975,1.984,1.000,1.005,0.991,0.999,128.51,129.73,20.66,20.91,3.65,3.72,24.27,25.38,47.17,48.77,21.65,22.33
2015/11/24,12:20:00,0.000,11.21,11.31,196,273,3.0,3.3,3.2,3.5,2.002,2.014,1.974,1.984,1.001,1.005,0.990,0.999,128.58,129.77,20.67,20.92,3.66,3.72,24.29,25.38,47.20,48.74,21.65,22.27
2015/11/24,12:40:00,0.000,11.21,11.31,199,276,3.0,3.3,3.2,3.5,2.004,2.013,1.974,1.983,1.001,1.005,0.991,0.999,128.58,129.86,20.63,20.92,3.65,3.72,24.32,25.38,47.20,48.74,21.59,22.31
2015/11/24,13:00:00,0.000,11.21,11.31,193,268,3.0,3.3,3.2,3.5,2.003,2.013,1.973,1.983,1.001,1.005,0.990,0.999,128.72,130.00,20.64,20.92,3.65,3.72,24.36,25.44,47.26,48.85,21.56,22.27
2015/11/24,13:20:00,0.000,11.21,11.32,195,265,3.0,3.3,3.2,3.5,2.003,2.014,1.973,1.982,1.001,1.005,0.990,0.999,128.81,130.13,20.64,20.92,3.64,3.71,24.44,25.61,47.44,49.10,21.56,22.29
2015/11/24,13:40:00,0.000,11.22,11.31,193,276,3.0,3.4,3.2,3.5,2.002,2.015,1.972,1.982,1.001,1.006,0.991,1.000,128.85,130.13,20.63,20.92,3.64,3.72,24.39,25.59,47.33,49.04,21.55,22.21
2015/11/24,14:00:00,0.000,11.21,11.33,195,264,3.0,3.3,3.1,3.5,2.002,2.013,1.973,1.981,1.001,1.006,0.990,0.999,128.83,130.13,20.64,20.91,3.64,3.70,24.39,25.56,47.33,49.05,21.58,22.22
2015/11/24,14:20:00,0.000,11.21,11.33,181,266,3.0,3.4,3.2,3.6,2.004,2.015,1.972,1.981,1.001,1.006,0.990,0.999,128.85,130.20,20.62,20.94,3.64,3.71,24.51,25.65,47.50,49.15,21.66,22.26
2015/11/24,14:40:00,0.000,11.23,11.34,188,264,3.0,3.3,3.2,3.5,2.004,2.015,1.973,1.983,1.001,1.006,0.990,0.999,128.94,130.16,20.68,20.93,3.64,3.72,24.56,25.71,47.60,49.22,21.60,22.28
2015/11/24,15:00:00,0.000,11.24,11.34,196,273,3.0,3.3,3.2,3.5,2.005,2.015,1.972,1.983,1.001,1.005,0.990,0.999,128.87,130.20,20.66,20.92,3.64,3.71,24.51,25.77,47.52,49.32,21.71,22.22
2015/11/24,15:20:00,0.000,11.25,11.35,192,266,3.0,3.4,3.2,3.5,2.004,2.016,1.971,1.982,1.001,1.005,0.990,0.998,128.90,130.27,20.67,20.95,3.64,3.72,24.57,25.82,47.60,49.38,21.66,22.30
2015/11/24,15:40:00,0.000,11.25,11.36,190,268,3.0,3.1,3.2,3.4,2.004,2.015,1.971,1.981,1.001,1.005,0.990,0.998,129.08,130.34,20.67,20.97,3.64,3.71,24.74,25.78,47.82,49.32,21.61,22.27
2015/11/24,16:00:00,0.000,11.26,11.35,196,266,2.9,3.3,3.1,3.6,2.005,2.015,1.972,1.982,1.001,1.005,0.990,0.998,129.10,130.36,20.65,20.95,3.64,3.70,24.77,25.87,47.87,49.45,21.64,22.24
2015/11/24,16:20:00,0.000,11.27,11.36,198,270,3.0,3.1,3.1,3.3,2.004,2.015,1.972,1.981,1.001,1.006,0.990,0.998,129.01,130.40,20.65,20.94,3.64,3.71,24.66,25.91,47.73,49.49,21.64,22.27
2015/11/24,16:40:00,0.000,11.26,11.36,194,280,2.8,3.1,3.1,3.4,2.005,2.015,1.971,1.981,1.001,1.005,0.990,0.998,129.05,130.52,20.65,20.93,3.64,3.70,24.73,25.99,47.80,49.63,21.67,22.30
2015/11/24,17:00:00,0.000,11.27,11.36,195,270,2.8,3.1,3.1,3.3,2.005,2.016,1.970,1.980,1.001,1.005,0.990,0.997,129.17,130.54,20.66,20.95,3.64,3.70,24.88,26.09,48.02,49.75,21.71,22.25
2015/11/24,17:20:00,0.000,11.27,11.36,195,266,2.9,3.1,3.1,3.3,2.005,2.015,1.970,1.981,1.002,1.006,0.989,0.998,129.32,130.56,20.66,20.94,3.64,3.71,24.88,26.03,48.01,49.66,21.68,22.20
2015/11/24,17:40:00,0.000,11.27,11.36,191,266,2.8,3.1,3.1,3.3,2.005,2.014,1.969,1.978,1.002,1.007,0.991,0.999,129.37,130.88,20.65,20.93,3.64,3.70,24.98,26.16,48.14,49.82,21.57,22.24
2015/11/24,18:00:00,0.000,11.27,11.34,194,270,3.0,3.1,3.1,3.5,2.002,2.013,1.967,1.976,1.003,1.007,0.992,1.000,129.73,131.24,20.60,20.89,3.62,3.70,24.99,26.21,48.18,49.95,21.43,22.06
2015/11/24,18:20:00,0.000,11.24,11.33,198,265,3.0,3.3,3.1,3.5,2.002,2.012,1.967,1.976,1.004,1.008,0.993,1.001,129.86,131.12,20.64,20.89,3.63,3.70,24.99,26.08,48.18,49.72,21.46,22.07
2015/11/24,18:40:00,0.000,11.22,11.31,193,256,3.0,3.3,3.1,3.5,2.001,2.013,1.967,1.976,1.003,1.007,0.992,1.000,129.89,131.21,20.65,20.91,3.63,3.70,25.12,26.17,48.37,49.87,21.46,22.17
2015/11/24,19:00:00,0.000,11.21,11.30,190,267,3.0,3.3,3.2,3.5,2.002,2.013,1.967,1.977,1.002,1.007,0.991,1.000,129.86,131.08,20.62,20.89,3.63,3.70,25.06,26.24,48.27,49.94,21.45,22.19
2015/11/24,19:20:00,0.000,11.20,11.28,192,267,3.0,3.3,3.2,3.5,2.003,2.014,1.968,1.977,1.003,1.007,0.991,0.999,129.77,131.10,20.63,20.90,3.63,3.70,25.06,26.31,48.27,50.03,21.50,22.16
2015/11/24,19:40:00,0.000,11.20,11.27,199,274,2.9,3.4,3.3,3.5,2.003,2.014,1.968,1.978,1.002,1.007,0.990,0.999,129.73,131.06,20.62,20.93,3.64,3.70,25.12,26.27,48.33,49.96,21.42,22.22
2015/11/24,20:00:00,0.000,11.19,11.28,187,265,2.8,3.4,3.3,3.5,2.003,2.015,1.969,1.979,1.001,1.006,0.989,0.999,129.64,130.99,20.65,20.94,3.63,3.70,25.11,26.44,48.33,50.19,21.56,22.24
2015/11/24,20:20:00,0.000,11.19,11.27,196,263,2.9,3.3,3.2,3.5,2.005,2.016,1.970,1.979,1.001,1.006,0.990,0.998,129.62,130.85,20.65,20.96,3.64,3.70,25.16,26.34,48.39,50.05,21.61,22.31
2015/11/24,20:40:00,0.000,11.20,11.28,192,854,3.0,3.3,3.2,3.5,2.004,2.016,1.969,1.978,1.001,1.007,0.990,0.998,129.71,131.06,20.68,20.94,3.63,3.70,25.23,26.50,48.51,50.30,21.44,22.33
2015/11/24,21:00:00,0.000,11.21,11.29,197,269,3.0,3.4,3.2,3.5,2.005,2.016,1.969,1.978,1.002,1.006,0.989,0.998,129.73,131.06,20.68,20.96,3.63,3.70,25.27,26.49,48.55,50.31,21.52,22.35
2015/11/24,21:20:00,0.000,11.21,11.30,200,276,2.9,3.3,3.2,3.5,2.006,2.017,1.969,1.979,1.001,1.006,0.988,0.998,129.75,131.10,20.70,20.97,3.64,3.70,25.32,26.51,48.63,50.30,21.48,22.35
2015/11/24,21:40:00,0.000,11.21,11.30,195,274,3.0,3.3,3.2,3.6,2.006,2.016,1.969,1.979,1.001,1.005,0.988,0.997,129.68,131.15,20.68,20.96,3.64,3.70,25.34,26.60,48.65,50.41,21.62,22.34
2015/11/24,22:00:00,0.000,11.21,11.29,195,266,3.0,3.3,3.2,3.6,2.006,2.016,1.969,1.979,1.001,1.005,0.988,0.996,129.77,131.08,20.71,20.95,3.63,3.70,25.43,26.58,48.79,50.40,21.65,22.30
2015/11/24,22:20:00,0.000,11.23,11.31,192,261,3.0,3.3,3.2,3.5,2.006,2.017,1.969,1.979,1.001,1.006,0.988,0.997,129.80,131.26,20.71,20.96,3.63,3.71,25.53,26.64,48.88,50.50,21.53,22.36
2015/11/24,22:40:00,0.000,11.23,11.30,195,268,3.0,3.3,3.2,3.5,2.006,2.015,1.967,1.977,1.001,1.006,0.989,0.998,130.00,131.44,20.69,20.95,3.63,3.70,25.57,26.83,48.96,50.72,21.51,22.31
2015/11/24,23:00:00,0.000,11.21,11.30,190,270,2.9,3.3,3.2,3.5,2.005,2.015,1.966,1.976,1.002,1.007,0.989,0.999,130.25,131.66,20.68,20.96,3.62,3.70,25.61,26.84,49.04,50.73,21.53,22.17
2015/11/24,23:20:00,0.000,11.21,11.30,199,269,3.0,3.3,3.2,3.5,2.004,2.014,1.965,1.975,1.003,1.007,0.990,0.999,130.34,131.69,20.68,20.92,3.62,3.70,25.57,26.74,48.96,50.60,21.39,22.24
2015/11/24,23:40:00,0.000,11.20,11.28,190,262,3.0,3.4,3.1,3.5,2.003,2.015,1.965,1.975,1.003,1.008,0.990,0.999,130.40,131.87,20.68,20.94,3.61,3.70,25.62,26.92,49.02,50.85,21.42,22.13
2015/11/25,00:00:00,0.000,11.18,11.27,192,266,3.0,3.4,3.2,3.6,2.005,2.016,1.966,1.975,1.002,1.007,0.989,0.998,130.43,131.75,20.66,20.95,3.62,3.70,25.72,26.96,49.16,50.89,21.44,22.29
2015/11/25,00:20:00,0.000,11.18,11.26,190,259,3.0,3.3,3.3,3.5,2.006,2.018,1.967,1.976,1.002,1.007,0.988,0.997,130.38,131.64,20.70,20.97,3.63,3.70,25.79,27.04,49.25,50.98,21.51,22.28
2015/11/25,00:40:00,0.000,11.17,11.26,189,277,3.0,3.4,3.2,3.6,2.006,2.016,1.967,1.977,1.002,1.007,0.988,0.997,130.22,131.80,20.71,20.98,3.63,3.70,25.74,27.17,49.14,51.15,21.49,22.31
2015/11/25,01:00:00,0.000,11.18,11.26,196,258,3.1,3.3,3.3,3.6,2.006,2.016,1.967,1.977,1.001,1.006,0.988,0.997,130.34,131.73,20.69,20.98,3.63,3.70,25.88,27.05,49.35,50.98,21.56,22.25
2015/11/25,01:20:00,0.000,11.18,11.27,194,271,3.2,3.4,3.4,3.6,2.006,2.017,1.967,1.977,1.001,1.007,0.988,0.997,130.38,131.73,20.71,20.97,3.63,3.70,25.84,27.10,49.29,51.05,21.55,22.32
2015/11/25,01:40:00,0.000,11.18,11.26,192,1146,3.0,3.3,3.3,3.6,2.006,2.017,1.968,1.977,1.001,1.006,0.988,0.996,130.31,131.78,20.72,20.97,3.64,3.70,25.90,27.16,49.36,51.10,21.64,22.32
2015/11/25,02:00:00,0.000,11.18,11.27,192,271,3.0,3.3,3.3,3.5,2.006,2.016,1.967,1.977,1.002,1.006,0.988,0.997,130.47,131.78,20.69,20.98,3.63,3.70,25.97,27.13,49.45,51.03,21.57,22.34
2015/11/25,02:20:00,0.000,11.18,11.27,192,265,3.0,3.4,3.4,3.6,2.006,2.017,1.967,1.976,1.002,1.007,0.989,0.998,130.45,131.93,20.68,20.99,3.62,3.70,25.86,27.13,49.25,51.04,21.44,22.31
2015/11/25,02:40:00,0.000,11.18,11.26,191,262,3.1,3.3,3.3,3.5,2.005,2.016,1.967,1.976,1.002,1.007,0.987,0.997,130.65,131.96,20.69,20.97,3.63,3.70,26.01,27.23,49.50,51.17,21.50,22.32
2015/11/25,03:00:00,0.000,11.17,11.26,189,263,3.0,3.4,3.2,3.5,2.005,2.017,1.966,1.976,1.002,1.007,0.988,0.997,130.65,132.05,20.70,20.98,3.62,3.70,26.03,27.37,49.51,51.35,21.49,22.22
2015/11/25,03:20:00,0.000,11.17,11.25,193,263,3.0,3.3,3.4,3.6,2.006,2.018,1.966,1.977,1.002,1.007,0.989,0.997,130.61,132.18,20.71,20.97,3.62,3.70,26.05,27.45,49.54,51.49,21.50,22.33
2015/11/25,03:40:00,0.000,11.17,11.26,197,266,2.8,3.4,3.4,3.6,2.005,2.017,1.966,1.976,1.002,1.007,0.988,0.997,130.65,132.07,20.68,20.95,3.63,3.70,26.06,27.38,49.55,51.36,21.56,22.26
2015/11/25,04:00:00,0.000,11.16,11.25,184,268,3.0,3.3,3.3,3.6,2.006,2.017,1.966,1.976,1.002,1.007,0.988,0.997,130.72,132.11,20.68,20.98,3.62,3.70,26.13,27.48,49.64,51.49,21.58,22.25
2015/11/25,04:20:00,0.000,11.15,11.24,196,263,3.2,3.3,3.4,3.6,2.007,2.018,1.966,1.977,1.002,1.006,0.988,0.997,130.72,132.05,20.71,20.99,3.62,3.69,26.14,27.36,49.66,51.33,21.54,22.30
2015/11/25,04:40:00,0.000,11.16,11.25,196,265,3.0,3.3,3.2,3.6,2.007,2.018,1.966,1.976,1.001,1.006,0.987,0.996,130.67,132.02,20.70,20.98,3.62,3.70,26.19,27.42,49.72,51.39,21.60,22.33
2015/11/25,05:00:00,0.000,11.17,11.26,192,269,3.0,3.4,3.4,3.6,2.006,2.018,1.967,1.977,1.001,1.006,0.987,0.996,130.72,132.16,20.66,20.98,3.61,3.70,26.24,27.50,49.76,51.52,21.51,22.39
2015/11/25,05:20:00,0.000,11.17,11.26,195,266,3.1,3.4,3.4,3.6,2.006,2.018,1.966,1.975,1.002,1.006,0.988,0.996,130.81,132.18,20.72,20.98,3.62,3.70,26.26,27.52,49.80,51.53,21.53,22.29
2015/11/25,05:40:00,0.000,11.18,11.27,190,263,2.9,3.3,3.2,3.6,2.006,2.017,1.966,1.975,1.002,1.006,0.987,0.996,130.85,132.29,20.70,20.99,3.62,3.70,26.31,27.68,49.86,51.75,21.61,22.28
2015/11/25,06:00:00,0.000,11.18,11.27,187,262,2.9,3.4,3.3,3.6,2.007,2.018,1.966,1.976,1.002,1.006,0.987,0.995,130.83,132.23,20.71,20.99,3.62,3.69,26.40,27.61,49.94,51.64,21.51,22.34
2015/11/25,06:20:00,0.000,11.19,11.28,193,262,3.0,3.3,3.2,3.6,2.006,2.018,1.967,1.976,1.001,1.006,0.987,0.996,130.83,132.23,20.69,20.98,3.61,3.69,26.40,27.65,49.98,51.70,21.54,22.33
2015/11/25,06:40:00,0.000,11.20,11.28,194,269,3.0,3.3,3.2,3.5,2.007,2.019,1.967,1.977,1.002,1.006,0.987,0.995,130.88,132.18,20.72,20.99,3.61,3.70,26.45,27.66,50.02,51.70,21.61,22.28
2015/11/25,07:00:00,0.000,11.19,11.29,195,265,3.0,3.3,3.2,3.5,2.007,2.019,1.967,1.976,1.001,1.006,0.987,0.996,130.88,132.34,20.68,20.99,3.62,3.70,26.46,27.82,50.02,51.89,21.53,22.42
2015/11/25,07:20:00,0.000,11.21,11.29,185,261,3.0,3.3,3.2,3.5,2.006,2.019,1.966,1.975,1.001,1.006,0.987,0.996,131.03,132.38,20.71,20.99,3.62,3.70,26.56,27.80,50.17,51.88,21.65,22.29
2015/11/25,07:40:00,0.000,11.21,11.32,196,269,3.0,3.3,3.2,3.5,2.006,2.018,1.966,1.975,1.002,1.006,0.987,0.996,131.15,132.52,20.72,20.98,3.62,3.69,26.57,27.86,50.17,51.94,21.50,22.34
2015/11/25,08:00:00,0.000,11.22,11.31,189,260,3.0,3.3,3.2,3.6,2.006,2.018,1.966,1.975,1.001,1.006,0.986,0.996,131.15,132.52,20.71,20.99,3.62,3.69,26.63,27.94,50.27,52.01,21.62,22.37
2015/11/25,08:20:00,0.000,11.23,11.30,192,273,2.9,3.3,3.2,3.5,2.007,2.018,1.966,1.975,1.001,1.006,0.987,0.995,131.08,132.54,20.71,20.99,3.63,3.70,26.55,27.98,50.14,52.10,21.58,22.33
2015/11/25,08:40:00,0.000,11.23,11.31,191,262,3.0,3.4,3.2,3.5,2.005,2.017,1.963,1.974,1.003,1.007,0.989,0.996,131.17,132.77,20.70,20.97,3.61,3.68,26.56,27.90,50.16,52.00,21.41,22.14
2015/11/25,09:00:00,0.000,11.21,11.30,195,261,3.0,3.3,3.2,3.6,2.004,2.015,1.962,1.972,1.003,1.008,0.989,0.998,131.62,132.99,20.69,20.94,3.61,3.68,26.71,27.98,50.35,52.10,21.37,22.17
2015/11/25,09:20:00,0.000,11.20,11.29,193,264,3.0,3.4,3.2,3.6,2.005,2.016,1.963,1.972,1.003,1.008,0.989,0.998,131.60,132.95,20.65,20.98,3.61,3.68,26.76,28.01,50.42,52.12,21.42,22.13
2015/11/25,09:40:00,0.000,11.19,11.27,195,266,3.0,3.3,3.2,3.5,2.006,2.018,1.964,1.974,1.002,1.007,0.987,0.996,131.39,132.90,20.70,21.01,3.61,3.68,26.71,28.06,50.34,52.18,21.46,22.20
2015/11/25,10:00:00,0.000,11.18,11.27,195,259,3.0,3.3,3.2,3.5,2.007,2.018,1.965,1.974,1.001,1.006,0.987,0.995,131.39,132.79,20.71,21.00,3.61,3.69,26.84,28.13,50.50,52.22,21.57,22.38
2015/11/25,10:20:00,0.000,11.19,11.27,194,266,3.0,3.3,3.3,3.5,2.007,2.019,1.965,1.975,1.001,1.006,0.985,0.995,131.21,132.65,20.70,20.99,3.61,3.69,26.74,28.24,50.39,52.40,21.59,22.31
2015/11/25,10:40:00,0.000,11.19,11.27,196,266,3.0,3.3,3.2,3.5,2.007,2.019,1.965,1.975,1.001,1.006,0.986,0.994,131.24,132.72,20.69,20.98,3.61,3.69,26.81,28.22,50.43,52.36,21.53,22.36
2015/11/25,11:00:00,0.000,11.19,11.30,196,273,3.0,3.4,3.2,3.5,2.008,2.018,1.965,1.974,1.001,1.006,0.986,0.994,131.35,132.81,20.73,21.00,3.61,3.69,26.87,28.20,50.54,52.37,21.54,22.47
2015/11/25,11:20:00,0.000,11.19,11.29,197,266,3.0,3.4,3.1,3.6,2.007,2.018,1.966,1.974,1.002,1.006,0.986,0.994,131.44,132.77,20.72,20.98,3.61,3.70,26.94,28.26,50.63,52.35,21.63,22.25
2015/11/25,11:40:00,0.000,11.19,11.30,188,273,3.0,3.4,3.2,3.5,2.008,2.018,1.965,1.975,1.001,1.006,0.986,0.995,131.46,132.83,20.74,20.99,3.61,3.69,26.99,28.31,50.66,52.43,21.53,22.28
2015/11/25,12:00:00,0.000,11.21,11.31,189,267,3.0,3.3,3.2,3.5,2.006,2.018,1.966,1.975,1.001,1.006,0.986,0.994,131.48,132.95,20.71,20.99,3.62,3.69,26.98,28.39,50.60,52.51,21.56,22.37
2015/11/25,12:20:00,0.000,11.21,11.30,193,255,3.0,3.3,3.2,3.5,2.008,2.018,1.965,1.975,1.001,1.005,0.985,0.994,131.64,132.92,20.74,21.01,3.62,3.70,27.18,28.45,50.88,52.57,21.57,22.42
2015/11/25,12:40:00,0.000,11.21,11.30,184,266,2.5,4.1,2.4,4.8,-0.004,2.019,-0.003,2.026,0.998,1.020,0.987,1.009,131.62,136.23,20.68,24.93,3.09,3.85,0.25,28.31,0.43,53.55,21.36,22.33
2015/11/25,13:00:00,0.000,11.21,11.30,194,267,3.0,3.3,3.2,3.6,1.964,2.011,1.985,2.056,0.985,1.006,0.989,1.025,128.56,135.53,18.19,24.08,3.69,4.24,25.05,28.31,44.86,53.17,21.37,22.21
2015/11/25,13:20:00,0.000,11.19,11.30,195,263,3.0,3.4,3.4,3.6,1.993,2.001,1.983,1.992,0.995,1.000,0.995,1.004,128.76,130.11,18.21,18.44,3.68,3.75,26.99,28.25,45.21,46.63,21.34,22.14
2015/11/25,13:40:00,0.000,11.19,11.28,196,267,3.0,3.4,3.4,3.6,1.993,2.005,1.983,1.992,0.995,1.000,0.994,1.004,128.74,130.13,18.22,18.46,3.68,3.75,27.05,28.35,45.31,46.92,21.49,22.20
2015/11/25,14:00:00,0.000,11.19,11.28,189,268,3.0,3.3,3.4,3.8,1.995,2.005,1.983,1.991,0.994,1.000,0.994,1.003,128.72,130.00,18.25,18.49,3.67,3.75,26.99,28.48,45.34,47.08,21.42,22.27
2015/11/25,14:20:00,0.000,11.19,11.28,194,277,3.0,3.3,3.4,3.6,1.995,2.006,1.981,1.990,0.994,0.999,0.994,1.002,128.72,130.11,18.27,18.51,3.67,3.75,27.03,28.38,45.44,47.07,21.49,22.34
2015/11/25,14:40:00,0.000,11.20,11.29,199,264,3.0,3.3,3.4,3.6,1.997,2.006,1.982,1.990,0.994,0.999,0.992,1.001,128.83,130.11,18.28,18.51,3.67,3.74,27.22,28.43,45.72,47.19,21.50,22.30
2015/11/25,15:00:00,0.000,11.16,11.30,177,261,3.0,3.3,3.2,3.6,1.997,2.013,1.981,1.993,0.991,1.000,0.987,1.003,128.45,130.34,18.30,18.62,3.67,3.75,27.14,29.37,45.67,48.28,21.35,22.49
2015/11/25,15:20:00,0.000,11.23,11.33,199,283,3.0,3.3,3.3,3.8,1.997,2.008,1.979,1.989,0.994,1.001,0.992,1.003,128.67,130.36,18.27,18.55,3.67,3.73,26.95,28.64,45.45,47.50,21.47,22.37
2015/11/25,15:40:00,0.000,11.23,11.33,201,264,3.0,3.3,3.4,3.6,1.996,2.006,1.976,1.986,0.996,1.001,0.994,1.003,129.05,130.58,18.26,18.51,3.66,3.73,27.20,28.43,45.81,47.32,21.38,22.20
2015/11/25,16:00:00,0.000,11.21,11.29,194,264,3.0,3.4,3.4,3.6,1.996,2.006,1.977,1.986,0.996,1.001,0.993,1.003,129.32,130.65,18.29,18.52,3.66,3.73,27.31,28.57,46.00,47.52,21.39,22.23
2015/11/25,16:20:00,0.000,11.19,11.27,193,265,3.0,3.3,3.4,3.6,1.998,2.008,1.979,1.987,0.996,1.000,0.993,1.001,129.28,130.52,18.34,18.58,3.66,3.74,27.40,28.57,46.08,47.51,21.52,22.21
2015/11/25,16:40:00,0.000,11.18,11.26,195,252,3.0,3.3,3.4,3.6,2.000,2.009,1.979,1.988,0.995,1.000,0.992,1.000,129.35,130.54,18.34,18.55,3.67,3.74,27.65,28.64,46.41,47.62,21.59,22.24
2015/11/25,17:00:00,0.000,11.18,11.26,189,256,3.2,3.4,3.4,3.8,1.999,2.008,1.979,1.988,0.995,1.000,0.991,1.000,129.17,130.54,18.34,18.55,3.67,3.73,27.39,28.76,46.11,47.80,21.49,22.36
2015/11/25,17:20:00,0.000,11.18,11.27,196,266,2.8,3.3,3.4,3.8,1.999,2.008,1.979,1.987,0.995,1.000,0.992,1.000,129.28,130.54,18.31,18.59,3.67,3.73,27.54,28.78,46.33,47.80,21.52,22.25
2015/11/25,17:40:00,0.000,11.19,11.27,192,266,3.0,3.3,3.4,3.6,1.999,2.009,1.978,1.987,0.995,1.001,0.991,1.001,129.28,130.63,18.31,18.58,3.66,3.73,27.47,28.80,46.25,47.83,21.48,22.18
2015/11/25,18:00:00,0.000,11.19,11.27,190,269,3.2,3.3,3.4,3.6,1.998,2.009,1.978,1.986,0.996,1.001,0.992,1.001,129.37,130.67,18.34,18.55,3.66,3.73,27.48,28.79,46.25,47.84,21.46,22.26
2015/11/25,18:20:00,0.000,11.19,11.27,193,273,3.2,3.3,3.4,3.8,1.999,2.010,1.978,1.987,0.995,1.000,0.991,1.000,129.37,130.74,18.33,18.57,3.66,3.74,27.52,28.88,46.32,47.97,21.61,22.27
2015/11/25,18:40:00,0.000,11.18,11.27,192,263,3.2,3.3,3.4,3.8,2.001,2.010,1.978,1.987,0.995,1.000,0.991,1.000,129.37,130.61,18.32,18.57,3.67,3.74,27.59,28.83,46.40,47.88,21.58,22.31
2015/11/25,19:00:00,0.000,11.19,11.27,189,267,3.2,3.5,3.4,3.8,2.000,2.010,1.979,1.987,0.994,1.000,0.990,0.999,129.35,130.72,18.34,18.60,3.67,3.73,27.58,29.00,46.38,48.06,21.63,22.34
2015/11/25,19:20:00,0.000,11.19,11.27,192,266,3.2,3.3,3.3,3.6,2.001,2.010,1.979,1.987,0.994,1.000,0.990,0.999,129.30,130.74,18.35,18.59,3.67,3.73,27.61,29.07,46.44,48.16,21.62,22.31
2015/11/25,19:40:00,0.000,11.19,11.27,187,271,2.9,3.4,3.4,3.7,2.000,2.011,1.978,1.987,0.995,0.999,0.990,0.999,129.41,130.83,18.36,18.60,3.67,3.73,27.68,29.16,46.52,48.27,21.49,22.34
2015/11/25,20:00:00,0.000,11.21,11.28,192,262,3.1,3.4,3.4,3.6,2.001,2.010,1.977,1.987,0.995,1.000,0.991,1.000,129.41,130.83,18.34,18.58,3.66,3.73,27.67,29.06,46.49,48.16,21.61,22.32
2015/11/25,20:20:00,0.000,11.21,11.27,187,262,3.0,3.3,3.4,3.6,2.000,2.010,1.977,1.985,0.995,1.000,0.991,0.999,129.57,131.10,18.32,18.58,3.66,3.73,27.83,29.20,46.69,48.36,21.58,22.32
2015/11/25,20:40:00,0.000,11.20,11.28,198,278,3.0,3.4,3.4,3.7,1.999,2.009,1.976,1.985,0.996,1.001,0.991,1.001,129.62,131.03,18.33,18.56,3.65,3.73,27.79,29.12,46.64,48.24,21.43,22.31
2015/11/25,21:00:00,0.000,11.21,11.28,192,266,3.0,3.3,3.4,3.8,1.999,2.010,1.975,1.985,0.995,1.001,0.991,1.000,129.71,131.19,18.31,18.57,3.66,3.73,27.74,29.24,46.57,48.35,21.42,22.30
2015/11/25,21:20:00,0.000,11.20,11.27,196,271,3.0,3.3,3.4,3.7,2.001,2.010,1.976,1.986,0.996,1.000,0.991,1.000,129.71,131.03,18.34,18.56,3.66,3.73,27.85,29.14,46.73,48.27,21.47,22.37
2015/11/25,21:40:00,0.000,11.21,11.28,192,267,3.1,3.3,3.4,3.6,2.001,2.010,1.978,1.986,0.995,1.000,0.990,0.999,129.59,131.01,18.34,18.61,3.67,3.73,27.89,29.29,46.76,48.43,21.51,22.41
2015/11/25,22:00:00,0.000,11.21,11.30,193,261,3.0,3.3,3.4,3.6,2.000,2.010,1.976,1.987,0.995,1.000,0.990,0.999,129.66,130.97,18.34,18.59,3.66,3.73,27.93,29.21,46.79,48.34,21.61,22.31
2015/11/25,22:20:00,0.000,11.23,11.31,192,269,3.0,3.3,3.4,3.7,2.001,2.010,1.977,1.986,0.995,1.000,0.990,0.999,129.66,131.06,18.35,18.60,3.66,3.73,27.84,29.29,46.70,48.40,21.52,22.46
2015/11/25,22:40:00,0.000,11.24,11.33,189,280,3.0,3.3,3.3,3.6,2.001,2.011,1.977,1.986,0.994,1.000,0.990,1.000,129.68,131.17,18.37,18.58,3.67,3.73,27.90,29.42,46.73,48.56,21.54,22.32
2015/11/25,23:00:00,0.000,11.24,11.33,198,272,3.0,3.3,3.3,3.6,2.001,2.010,1.977,1.985,0.995,1.000,0.990,1.000,129.73,131.12,18.35,18.57,3.66,3.73,27.89,29.39,46.74,48.50,21.60,22.24
2015/11/25,23:20:00,0.000,11.25,11.33,201,270,3.0,3.3,3.3,3.6,2.000,2.010,1.977,1.985,0.995,1.000,0.990,1.000,129.75,131.15,18.35,18.57,3.65,3.73,27.99,29.41,46.87,48.53,21.56,22.35
2015/11/25,23:40:00,0.000,11.26,11.35,199,267,3.0,3.3,3.3,3.6,2.001,2.010,1.977,1.985,0.995,1.000,0.990,0.999,129.82,131.30,18.31,18.62,3.66,3.73,28.07,29.44,46.98,48.59,21.54,22.42
2015/11/26,00:00:00,0.000,11.27,11.36,195,281,3.0,3.3,3.2,3.5,2.001,2.010,1.977,1.986,0.995,1.000,0.991,0.999,129.80,131.24,18.35,18.58,3.66,3.73,28.02,29.60,46.91,48.74,21.56,22.29
2015/11/26,00:20:00,0.000,11.27,11.36,195,268,3.0,3.3,3.2,3.5,2.001,2.010,1.978,1.986,0.995,1.000,0.990,1.000,129.82,131.19,18.37,18.58,3.66,3.73,27.98,29.48,46.85,48.58,21.49,22.45
2015/11/26,00:40:00,0.000,11.27,11.36,192,270,3.0,3.3,3.3,3.5,2.000,2.010,1.977,1.985,0.995,0.999,0.990,0.999,129.75,131.33,18.33,18.58,3.66,3.72,28.04,29.56,46.87,48.70,21.51,22.39
2015/11/26,01:00:00,0.000,11.27,11.36,191,262,3.0,3.3,3.2,3.6,2.000,2.010,1.976,1.985,0.995,1.000,0.990,1.001,129.86,131.39,18.31,18.59,3.66,3.73,28.08,29.51,46.94,48.63,21.53,22.29
2015/11/26,01:20:00,0.000,11.27,11.34,193,273,3.0,3.3,3.3,3.5,1.999,2.009,1.976,1.984,0.996,1.001,0.991,0.999,129.95,131.51,18.34,18.57,3.65,3.72,28.08,29.56,46.94,48.68,21.52,22.28
2015/11/26,01:40:00,0.000,11.27,11.34,194,274,3.0,3.4,3.3,3.6,1.999,2.009,1.975,1.984,0.996,1.001,0.991,1.000,130.13,131.69,18.31,18.57,3.64,3.72,28.22,29.67,47.11,48.83,21.50,22.23
2015/11/26,02:00:00,0.000,11.25,11.33,192,262,2.9,3.3,3.3,3.5,1.999,2.010,1.975,1.984,0.996,1.000,0.991,0.999,130.16,131.64,18.34,18.59,3.65,3.72,28.26,29.73,47.14,48.86,21.60,22.15
2015/11/26,02:20:00,0.000,11.25,11.33,198,265,3.0,3.3,3.4,3.6,1.999,2.008,1.975,1.983,0.996,1.000,0.991,1.001,130.20,131.71,18.31,18.58,3.66,3.72,28.31,29.81,47.21,48.96,21.50,22.21
2015/11/26,02:40:00,0.000,11.25,11.33,194,269,3.0,3.3,3.4,3.6,1.999,2.009,1.975,1.984,0.996,1.000,0.992,0.999,130.22,131.66,18.31,18.55,3.65,3.72,28.29,29.75,47.17,48.92,21.58,22.20
2015/11/26,03:00:00,0.000,11.24,11.32,190,267,3.0,3.3,3.4,3.7,1.999,2.009,1.976,1.984,0.996,1.000,0.991,1.000,130.20,131.62,18.34,18.58,3.65,3.72,28.24,29.74,47.14,48.88,21.46,22.35
2015/11/26,03:20:00,0.000,11.24,11.32,192,281,3.0,3.3,3.4,3.6,2.000,2.009,1.975,1.984,0.995,1.000,0.991,1.000,130.18,131.62,18.31,18.58,3.66,3.73,28.33,29.76,47.20,48.89,21.47,22.31
2015/11/26,03:40:00,0.000,11.24,11.32,196,273,3.0,3.3,3.4,3.6,2.000,2.010,1.977,1.985,0.995,1.000,0.991,0.999,130.11,131.60,18.37,18.59,3.66,3.73,28.28,29.78,47.14,48.90,21.46,22.39
2015/11/26,04:00:00,0.000,11.24,11.32,192,268,3.0,3.3,3.3,3.6,2.000,2.010,1.976,1.986,0.995,1.000,0.991,0.999,130.18,131.69,18.35,18.57,3.65,3.73,28.40,29.88,47.27,49.02,21.49,22.36
2015/11/26,04:20:00,0.000,11.24,11.32,191,266,3.0,3.4,3.4,3.6,2.001,2.010,1.976,1.985,0.995,1.000,0.990,0.999,130.18,131.69,18.34,18.59,3.66,3.72,28.44,29.93,47.30,49.07,21.52,22.28
2015/11/26,04:40:00,0.000,11.25,11.33,191,268,3.0,3.3,3.4,3.8,2.000,2.009,1.977,1.985,0.995,1.000,0.991,0.999,130.25,131.60,18.34,18.58,3.66,3.73,28.53,29.90,47.40,48.99,21.63,22.28
2015/11/26,05:00:00,0.000,11.26,11.33,197,272,3.0,3.3,3.3,3.5,2.001,2.010,1.977,1.985,0.995,1.000,0.990,0.999,130.25,131.62,18.35,18.59,3.65,3.73,28.49,29.92,47.35,49.03,21.55,22.32
2015/11/26,05:20:00,0.000,11.26,11.34,195,263,2.8,3.3,3.3,3.5,2.000,2.010,1.977,1.985,0.995,1.000,0.990,0.999,130.25,131.75,18.33,18.56,3.64,3.72,28.53,30.06,47.40,49.20,21.59,22.25
2015/11/26,05:40:00,0.000,11.26,11.33,188,273,3.0,3.3,3.3,3.5,1.999,2.009,1.977,1.984,0.995,1.000,0.990,1.000,130.25,131.73,18.33,18.57,3.66,3.73,28.51,30.05,47.37,49.18,21.59,22.28
2015/11/26,06:00:00,0.000,11.26,11.34,193,272,3.0,3.3,3.3,3.5,2.000,2.009,1.976,1.984,0.995,1.000,0.991,0.999,130.31,131.75,18.31,18.56,3.65,3.72,28.54,30.02,47.41,49.13,21.60,22.28
2015/11/26,06:20:00,0.000,11.26,11.35,199,270,3.0,3.3,3.3,3.5,1.999,2.009,1.977,1.985,0.995,0.999,0.990,0.999,130.29,131.73,18.31,18.58,3.66,3.72,28.61,29.97,47.46,49.04,21.67,22.23
2015/11/26,06:40:00,0.000,11.26,11.36,195,274,3.0,3.3,3.2,3.5,2.000,2.010,1.977,1.985,0.995,0.999,0.989,0.999,130.27,131.69,18.29,18.58,3.66,3.73,28.61,30.00,47.47,49.03,21.67,22.33
2015/11/26,07:00:00,0.000,11.27,11.35,192,274,3.0,3.3,3.2,3.5,1.999,2.009,1.976,1.984,0.995,1.000,0.990,0.999,130.43,131.87,18.28,18.57,3.66,3.73,28.68,30.06,47.50,49.11,21.62,22.25
2015/11/26,07:20:00,0.000,11.27,11.35,195,274,3.0,3.3,3.3,3.5,1.999,2.008,1.976,1.984,0.995,1.000,0.991,0.999,130.52,131.87,18.32,18.56,3.66,3.73,28.70,30.14,47.54,49.21,21.62,22.20
2015/11/26,07:40:00,0.000,11.27,11.37,191,266,3.0,3.3,3.3,3.5,1.999,2.009,1.976,1.984,0.995,0.999,0.991,0.999,130.38,131.87,18.34,18.55,3.66,3.72,28.61,30.08,47.41,49.14,21.65,22.27
2015/11/26,08:00:00,0.000,11.27,11.36,192,267,3.0,3.4,3.2,3.5,1.999,2.008,1.976,1.984,0.995,1.000,0.990,0.999,130.34,131.80,18.32,18.56,3.66,3.73,28.58,30.13,47.40,49.18,21.65,22.20
2015/11/26,08:20:00,0.000,11.27,11.36,195,269,3.0,3.3,3.2,3.5,2.000,2.009,1.976,1.985,0.995,0.999,0.990,0.999,130.38,131.87,18.31,18.55,3.66,3.73,28.63,30.14,47.43,49.21,21.60,22.22
2015/11/26,08:40:00,0.000,11.28,11.36,193,273,3.0,3.3,3.3,3.5,1.999,2.010,1.977,1.984,0.995,0.999,0.991,0.999,130.49,131.91,18.34,18.59,3.66,3.72,28.76,30.22,47.61,49.28,21.63,22.20
2015/11/26,09:00:00,0.000,11.27,11.35,188,262,3.0,3.3,3.3,3.5,1.999,2.008,1.975,1.984,0.996,1.000,0.991,0.999,130.67,132.14,18.34,18.55,3.64,3.72,28.76,30.26,47.59,49.35,21.52,22.18
2015/11/26,09:20:00,0.000,11.26,11.34,195,264,3.0,3.3,3.3,3.6,1.998,2.007,1.974,1.983,0.996,1.001,0.992,1.000,130.85,132.20,18.32,18.55,3.64,3.71,28.79,30.21,47.69,49.34,21.44,22.13
2015/11/26,09:40:00,0.000,11.24,11.32,196,273,3.0,3.3,3.4,3.6,1.998,2.007,1.974,1.982,0.997,1.001,0.991,1.001,130.72,132.34,18.32,18.56,3.64,3.71,28.65,30.30,47.50,49.46,21.41,22.20
2015/11/26,10:00:00,0.000,11.23,11.31,191,263,3.0,3.4,3.4,3.7,1.999,2.008,1.974,1.982,0.996,1.001,0.992,1.000,130.92,132.29,18.31,18.55,3.65,3.71,28.82,30.26,47.75,49.41,21.52,22.17
2015/11/26,10:20:00,0.000,11.23,11.30,195,262,3.0,3.3,3.4,3.6,1.999,2.008,1.975,1.984,0.996,1.000,0.991,0.999,130.76,132.25,18.33,18.55,3.64,3.71,28.82,30.30,47.69,49.45,21.48,22.21
2015/11/26,10:40:00,0.000,11.21,11.30,188,263,3.0,3.4,3.4,3.6,1.999,2.010,1.975,1.984,0.995,1.000,0.990,0.999,130.74,132.14,18.34,18.57,3.65,3.72,28.76,30.37,47.66,49.51,21.46,22.31
2015/11/26,11:00:00,0.000,11.23,11.31,196,273,3.0,3.4,3.4,3.6,1.999,2.008,1.976,1.984,0.995,1.000,0.990,0.999,130.70,132.20,18.31,18.57,3.66,3.72,28.85,30.37,47.72,49.48,21.51,22.22
2015/11/26,11:20:00,0.000,11.21,11.30,195,273,3.0,3.3,3.4,3.7,1.998,2.008,1.975,1.983,0.996,1.001,0.991,1.000,130.88,132.36,18.32,18.55,3.64,3.72,28.92,30.35,47.82,49.50,21.35,22.27
2015/11/26,11:40:00,0.000,11.21,11.27,192,276,3.2,3.3,3.4,3.8,1.997,2.008,1.975,1.983,0.996,1.001,0.991,1.000,130.90,132.29,18.33,18.55,3.64,3.72,29.00,30.33,47.92,49.46,21.43,22.26
2015/11/26,12:00:00,0.000,11.19,11.27,190,264,3.1,3.4,3.4,3.7,1.999,2.008,1.976,1.984,0.995,1.000,0.990,0.999,130.81,132.20,18.33,18.56,3.64,3.73,28.98,30.38,47.83,49.46,21.55,22.23
2015/11/26,12:20:00,0.000,11.20,11.28,189,263,3.2,3.4,3.4,3.8,1.998,2.009,1.977,1.986,0.994,1.000,0.989,0.999,130.70,132.11,18.34,18.57,3.66,3.73,28.89,30.45,47.74,49.53,21.57,22.30
2015/11/26,12:40:00,0.000,11.19,11.27,192,262,3.2,3.3,3.4,3.6,2.000,2.010,1.978,1.987,0.994,0.999,0.989,0.999,130.54,132.05,18.33,18.60,3.66,3.73,28.88,30.51,47.73,49.60,21.58,22.35
2015/11/26,13:00:00,0.000,11.21,11.29,192,266,3.0,3.3,3.4,3.6,1.999,2.009,1.977,1.986,0.994,0.999,0.990,0.999,130.56,132.16,18.34,18.58,3.65,3.72,28.94,30.51,47.79,49.60,21.61,22.34
2015/11/26,13:20:00,0.000,11.21,11.28,190,265,3.1,3.3,3.4,3.6,2.000,2.010,1.977,1.985,0.994,0.999,0.990,0.999,130.74,132.20,18.33,18.59,3.65,3.72,29.04,30.50,47.90,49.59,21.50,22.29
2015/11/26,13:40:00,0.000,11.21,11.29,193,268,3.0,3.3,3.4,3.8,1.999,2.009,1.977,1.985,0.994,0.999,0.990,0.998,130.74,132.23,18.32,18.55,3.65,3.72,28.98,30.57,47.82,49.63,21.49,22.32
2015/11/26,14:00:00,0.000,11.21,11.29,192,266,3.1,3.3,3.3,3.6,2.000,2.010,1.977,1.986,0.994,1.000,0.990,0.998,130.76,132.18,18.31,18.58,3.66,3.72,29.13,30.57,47.97,49.63,21.62,22.29
2015/11/26,14:20:00,0.000,11.22,11.29,188,270,3.0,3.3,3.4,3.6,2.000,2.009,1.977,1.985,0.994,0.999,0.990,0.999,130.65,132.23,18.35,18.56,3.66,3.72,28.93,30.60,47.77,49.67,21.57,22.28
2015/11/26,14:40:00,0.000,11.23,11.30,194,263,3.0,3.3,3.3,3.7,2.000,2.009,1.977,1.985,0.994,0.999,0.990,0.999,130.81,132.27,18.34,18.56,3.66,3.72,29.02,30.60,47.86,49.65,21.62,22.21
2015/11/26,15:00:00,0.000,11.22,11.30,198,274,3.0,3.3,3.4,3.7,1.999,2.009,1.977,1.985,0.995,1.000,0.990,0.999,130.76,132.27,18.31,18.55,3.66,3.73,29.01,30.55,47.80,49.59,21.59,22.25
2015/11/26,15:20:00,0.000,11.22,11.30,191,266,3.0,3.4,3.4,3.8,2.000,2.008,1.978,1.984,0.995,1.000,0.991,0.999,130.97,132.34,18.32,18.55,3.66,3.73,29.20,30.69,48.03,49.75,21.48,22.36
2015/11/26,15:40:00,0.000,11.21,11.30,188,273,3.0,3.3,3.4,3.6,1.999,2.008,1.977,1.985,0.994,1.000,0.990,0.999,130.88,132.43,18.33,18.57,3.66,3.72,28.94,30.61,47.78,49.68,21.45,22.37
2015/11/26,16:00:00,0.000,11.22,11.30,193,269,3.0,3.3,3.4,3.7,2.000,2.009,1.977,1.985,0.994,0.999,0.990,0.999,130.90,132.41,18.34,18.56,3.66,3.72,29.10,30.78,47.93,49.87,21.54,22.37
2015/11/26,16:20:00,0.000,11.22,11.30,189,259,3.0,3.3,3.4,3.7,1.999,2.009,1.977,1.985,0.994,0.999,0.990,0.999,130.92,132.27,18.32,18.55,3.65,3.72,29.24,30.56,48.08,49.59,21.50,22.36
2015/11/26,16:40:00,0.000,11.23,11.31,187,267,3.0,3.3,3.4,3.6,2.000,2.009,1.978,1.986,0.994,0.999,0.989,0.998,130.88,132.32,18.34,18.55,3.66,3.73,29.24,30.70,48.09,49.75,21.43,22.33
2015/11/26,17:00:00,0.000,11.24,11.32,191,264,3.0,3.3,3.4,3.6,1.999,2.009,1.977,1.986,0.994,0.999,0.990,0.999,130.94,132.36,18.35,18.55,3.66,3.72,29.16,30.72,48.01,49.80,21.61,22.23
2015/11/26,17:20:00,0.000,11.24,11.32,193,260,3.0,3.3,3.4,3.6,1.999,2.009,1.977,1.985,0.994,0.999,0.988,0.999,130.92,132.36,18.34,18.56,3.66,3.73,29.11,30.74,47.93,49.79,21.64,22.26
2015/11/26,17:40:00,0.000,11.24,11.33,196,274,3.0,3.3,3.4,3.7,1.999,2.009,1.977,1.986,0.994,1.000,0.989,0.999,130.97,132.34,18.34,18.55,3.65,3.72,29.18,30.67,48.01,49.71,21.63,22.26
2015/11/26,18:00:00,0.000,11.25,11.33,188,263,3.0,3.3,3.4,3.8,2.000,2.009,1.977,1.986,0.994,0.999,0.990,0.998,130.83,132.41,18.34,18.57,3.66,3.73,29.21,30.81,48.05,49.91,21.65,22.25
2015/11/26,18:20:00,0.000,11.26,11.34,193,270,3.0,3.4,3.4,3.6,2.000,2.010,1.978,1.986,0.994,0.999,0.989,0.997,130.79,132.34,18.34,18.57,3.66,3.73,29.19,30.77,48.00,49.85,21.58,22.31
2015/11/26,18:40:00,0.000,11.26,11.35,192,263,3.0,3.3,3.3,3.6,1.999,2.009,1.977,1.985,0.994,0.999,0.989,0.997,130.83,132.32,18.34,18.58,3.66,3.72,29.14,30.71,48.01,49.78,21.65,22.32
2015/11/26,19:00:00,0.000,11.27,11.35,191,265,3.0,3.3,3.4,3.6,1.999,2.009,1.978,1.985,0.995,0.999,0.990,0.998,130.83,132.41,18.36,18.57,3.66,3.73,29.24,30.81,48.06,49.89,21.55,22.31
2015/11/26,19:20:00,0.000,11.27,11.36,192,274,2.9,3.3,3.3,3.5,2.000,2.010,1.977,1.986,0.994,0.999,0.989,0.998,130.81,132.45,18.34,18.58,3.65,3.73,29.27,30.90,48.11,49.98,21.61,22.39
2015/11/26,19:40:00,0.000,11.27,11.36,185,262,3.0,3.3,3.3,3.5,1.999,2.009,1.978,1.986,0.994,0.999,0.990,0.998,130.97,132.52,18.33,18.56,3.66,3.73,29.30,30.82,48.13,49.92,21.59,22.41
2015/11/26,20:00:00,0.000,11.28,11.36,189,263,2.9,3.3,3.2,3.6,2.000,2.008,1.978,1.986,0.994,0.999,0.989,0.998,130.92,132.36,18.34,18.55,3.66,3.73,29.30,30.74,48.13,49.77,21.57,22.34
2015/11/26,20:20:00,0.000,11.29,11.37,193,258,3.0,3.3,3.2,3.5,1.999,2.009,1.978,1.986,0.994,0.999,0.989,0.998,130.94,132.45,18.34,18.55,3.66,3.72,29.30,30.86,48.13,49.91,21.66,22.26
2015/11/26,20:40:00,0.000,11.28,11.37,192,272,3.0,3.3,3.3,3.6,1.999,2.008,1.977,1.986,0.994,0.999,0.989,0.998,130.85,132.43,18.32,18.55,3.65,3.73,29.23,30.81,48.03,49.85,21.58,22.31
2015/11/26,21:00:00,0.000,11.28,11.37,198,274,3.0,3.3,3.3,3.5,1.999,2.009,1.977,1.985,0.995,0.999,0.990,0.999,130.99,132.50,18.29,18.55,3.65,3.72,29.21,30.74,48.04,49.78,21.51,22.29
2015/11/26,21:20:00,0.000,11.28,11.36,192,261,3.0,3.3,3.2,3.5,1.999,2.007,1.977,1.984,0.995,1.000,0.991,0.999,131.15,132.50,18.31,18.55,3.65,3.73,29.37,30.77,48.19,49.84,21.60,22.21
2015/11/26,21:40:00,0.000,11.27,11.36,192,272,3.0,3.3,3.1,3.5,1.997,2.008,1.976,1.985,0.995,1.000,0.990,0.999,131.10,132.59,18.29,18.53,3.65,3.72,29.25,30.84,48.05,49.89,21.55,22.16
2015/11/26,22:00:00,0.000,11.26,11.35,192,267,3.0,3.3,3.3,3.6,1.998,2.007,1.975,1.983,0.996,1.001,0.991,1.000,131.21,132.92,18.29,18.54,3.64,3.72,29.27,31.01,48.09,50.11,21.46,22.19
2015/11/26,22:20:00,0.000,11.24,11.33,192,284,3.0,3.4,3.4,3.6,1.997,2.006,1.975,1.984,0.996,1.001,0.991,1.001,131.33,132.88,18.28,18.50,3.64,3.72,29.25,30.96,48.06,50.03,21.37,22.21
2015/11/26,22:40:00,0.000,11.24,11.31,190,273,3.0,3.4,3.3,3.7,1.997,2.006,1.975,1.984,0.996,1.001,0.991,1.000,131.26,132.86,18.28,18.52,3.64,3.72,29.23,30.95,48.01,50.00,21.26,22.19
2015/11/26,23:00:00,0.000,11.22,11.30,191,265,3.0,3.3,3.4,3.7,1.997,2.007,1.977,1.985,0.995,1.000,0.991,0.999,131.12,132.70,18.29,18.54,3.64,3.72,29.28,30.86,48.09,49.91,21.53,22.19
2015/11/26,23:20:00,0.000,11.23,11.29,192,256,3.0,3.3,3.4,3.8,1.999,2.010,1.977,1.985,0.994,1.000,0.989,0.999,131.10,132.54,18.34,18.54,3.65,3.72,29.29,30.83,48.10,49.86,21.52,22.22
2015/11/26,23:40:00,0.000,11.22,11.30,136,263,3.2,3.3,3.4,3.7,1.998,2.008,1.978,1.985,0.994,0.999,0.990,0.998,130.94,132.38,18.31,18.54,3.65,3.73,29.21,30.74,47.97,49.74,21.49,22.28
2015/11/27,00:00:00,0.000,11.22,11.30,196,267,3.0,3.3,3.4,3.7,1.999,2.008,1.979,1.986,0.994,0.999,0.989,0.998,131.06,132.47,18.31,18.55,3.66,3.73,29.41,30.80,48.19,49.84,21.59,22.34
2015/11/27,00:20:00,0.000,11.22,11.30,193,266,3.1,3.3,3.4,3.8,1.999,2.009,1.979,1.987,0.994,0.999,0.988,0.998,131.01,132.50,18.33,18.55,3.66,3.73,29.40,30.92,48.20,49.96,21.59,22.27
2015/11/27,00:40:00,0.000,11.23,11.31,185,276,3.0,3.4,3.4,3.6,1.999,2.008,1.978,1.986,0.994,0.999,0.989,0.997,130.92,132.45,18.32,18.55,3.67,3.73,29.29,30.95,48.08,49.95,21.56,22.26
2015/11/27,01:00:00,0.000,11.23,11.31,196,281,3.0,3.4,3.4,3.8,1.999,2.009,1.979,1.986,0.994,0.999,0.989,0.998,131.03,132.47,18.32,18.55,3.66,3.72,29.46,30.94,48.24,49.95,21.52,22.35
2015/11/27,01:20:00,0.000,11.23,11.32,188,268,3.0,3.4,3.4,3.7,1.999,2.009,1.979,1.987,0.994,0.999,0.989,0.998,130.97,132.47,18.32,18.55,3.66,3.73,29.25,30.95,48.04,49.97,21.45,22.42
2015/11/27,01:40:00,0.000,11.24,11.33,195,265,3.0,3.4,3.4,3.7,1.999,2.009,1.979,1.987,0.994,0.999,0.990,0.998,130.92,132.50,18.34,18.56,3.67,3.73,29.34,30.82,48.13,49.84,21.56,22.36
2015/11/27,02:00:00,0.000,11.25,11.33,190,264,3.0,3.3,3.4,3.6,1.998,2.008,1.979,1.986,0.994,0.999,0.989,0.997,131.06,132.54,18.32,18.55,3.66,3.73,29.38,30.98,48.16,50.00,21.61,22.27
2015/11/27,02:20:00,0.000,11.25,11.33,193,262,3.0,3.3,3.3,3.6,1.998,2.008,1.978,1.987,0.994,0.999,0.989,0.998,130.97,132.61,18.29,18.55,3.66,3.73,29.34,30.99,48.13,50.00,21.52,22.25
2015/11/27,02:40:00,0.000,11.26,11.33,195,281,3.0,3.3,3.4,3.6,1.999,2.008,1.978,1.986,0.994,1.000,0.990,0.998,130.85,132.54,18.33,18.55,3.66,3.73,29.13,30.94,47.88,49.94,21.45,22.46
2015/11/27,03:00:00,0.000,11.26,11.34,190,263,3.0,3.3,3.3,3.6,1.998,2.007,1.978,1.986,0.994,0.999,0.989,0.998,131.12,132.56,18.30,18.53,3.66,3.73,29.42,30.87,48.19,49.86,21.58,22.34
2015/11/27,03:20:00,0.000,11.25,11.33,194,261,2.9,3.3,3.4,3.7,1.997,2.007,1.977,1.985,0.995,1.000,0.990,0.999,131.19,132.70,18.30,18.52,3.66,3.73,29.46,30.94,48.24,49.95,21.41,22.30
2015/11/27,03:40:00,0.000,11.24,11.31,192,266,3.0,3.3,3.3,3.7,1.997,2.006,1.977,1.984,0.995,1.000,0.990,0.999,131.35,132.77,18.31,18.53,3.66,3.72,29.53,30.91,48.32,49.94,21.38,22.28
2015/11/27,04:00:00,0.000,11.24,11.30,195,265,3.0,3.3,3.4,3.7,1.997,2.006,1.977,1.985,0.995,1.000,0.989,0.999,131.28,132.79,18.29,18.52,3.66,3.72,29.46,30.87,48.24,49.88,21.44,22.19
2015/11/27,04:20:00,0.000,11.22,11.31,189,268,3.0,3.4,3.4,3.6,1.997,2.008,1.977,1.986,0.994,1.000,0.990,0.998,131.03,132.72,18.32,18.53,3.66,3.73,29.22,30.94,47.97,49.95,21.55,22.27
2015/11/27,04:40:00,0.000,11.22,11.30,195,266,3.1,3.4,3.4,3.7,1.998,2.008,1.979,1.986,0.994,0.999,0.989,0.999,131.12,132.50,18.31,18.55,3.66,3.72,29.40,30.93,48.18,49.91,21.56,22.25
2015/11/27,05:00:00,0.000,11.24,11.30,189,264,3.0,3.3,3.4,3.6,1.998,2.008,1.978,1.986,0.994,0.999,0.989,0.998,131.08,132.50,18.31,18.57,3.66,3.73,29.45,30.95,48.22,49.95,21.57,22.26
2015/11/27,05:20:00,0.000,11.23,11.31,195,268,3.0,3.3,3.4,3.7,1.998,2.007,1.978,1.987,0.995,0.999,0.989,0.998,131.06,132.59,18.30,18.53,3.65,3.72,29.35,30.93,48.09,49.92,21.58,22.19
2015/11/27,05:40:00,0.000,11.22,11.30,191,267,3.0,3.3,3.4,3.6,1.997,2.007,1.977,1.986,0.995,1.000,0.990,0.999,131.33,132.79,18.30,18.55,3.66,3.72,29.48,30.96,48.28,49.97,21.42,22.20
2015/11/27,06:00:00,0.000,11.23,11.29,194,265,3.0,3.4,3.3,3.7,1.997,2.007,1.977,1.986,0.995,1.000,0.990,0.999,131.35,132.72,18.31,18.53,3.66,3.73,29.51,30.92,48.29,49.95,21.49,22.21
2015/11/27,06:20:00,0.000,11.21,11.28,190,263,3.0,3.3,3.4,3.8,1.997,2.007,1.977,1.985,0.995,1.000,0.990,0.999,131.24,132.72,18.30,18.55,3.66,3.72,29.40,30.94,48.17,49.98,21.47,22.25
2015/11/27,06:40:00,0.000,11.21,11.28,193,276,3.1,3.3,3.4,3.6,1.998,2.007,1.978,1.986,0.994,0.999,0.989,0.998,131.21,132.70,18.28,18.53,3.66,3.72,29.49,30.95,48.30,49.99,21.57,22.28
2015/11/27,07:00:00,0.000,11.21,11.28,197,262,3.2,3.3,3.4,3.8,1.999,2.008,1.978,1.986,0.994,0.999,0.988,0.997,131.21,132.68,18.32,18.56,3.67,3.73,29.50,31.04,48.28,50.05,21.49,22.28
2015/11/27,07:20:00,0.000,11.21,11.29,192,263,3.2,3.3,3.4,3.7,1.999,2.009,1.978,1.987,0.994,1.000,0.989,0.997,131.19,132.56,18.30,18.56,3.67,3.73,29.49,30.86,48.32,49.88,21.58,22.30
2015/11/27,07:40:00,0.000,11.21,11.28,195,265,3.1,3.3,3.4,3.8,2.000,2.009,1.979,1.987,0.994,0.999,0.988,0.997,131.26,132.59,18.33,18.55,3.66,3.72,29.54,30.95,48.38,50.00,21.59,22.27
2015/11/27,08:00:00,0.000,11.21,11.28,191,266,3.2,3.3,3.4,3.6,1.999,2.009,1.979,1.986,0.994,0.999,0.988,0.997,131.10,132.63,18.32,18.56,3.66,3.73,29.41,31.02,48.20,50.06,21.54,22.31
2015/11/27,08:20:00,0.000,11.21,11.29,191,271,3.0,3.3,3.4,3.7,1.998,2.009,1.979,1.987,0.994,0.999,0.988,0.997,131.06,132.61,18.33,18.55,3.66,3.73,29.48,30.99,48.28,50.01,21.55,22.28
2015/11/27,08:40:00,0.000,11.21,11.28,185,269,3.2,3.4,3.4,3.8,1.998,2.008,1.979,1.987,0.994,1.000,0.989,0.998,131.17,132.68,18.32,18.55,3.66,3.72,29.38,31.00,48.20,50.03,21.59,22.26
2015/11/27,09:00:00,0.000,11.21,11.28,196,265,3.2,3.4,3.4,3.7,1.999,2.007,1.978,1.986,0.995,0.999,0.989,0.999,131.28,132.72,18.32,18.55,3.67,3.72,29.51,30.99,48.32,50.03,21.55,22.23
2015/11/27,09:20:00,0.000,11.21,11.28,191,265,3.2,3.3,3.4,3.8,1.998,2.008,1.979,1.986,0.995,1.000,0.989,0.999,131.24,132.77,18.32,18.57,3.66,3.72,29.32,31.12,48.13,50.19,21.49,22.26
2015/11/27,09:40:00,0.000,11.20,11.28,194,469,3.2,3.4,3.4,3.7,1.999,2.008,1.978,1.987,0.994,1.000,0.990,0.998,131.19,132.72,18.32,18.55,3.67,3.72,29.27,30.94,48.09,50.00,21.48,22.28
2015/11/27,10:00:00,0.000,11.20,11.27,196,267,3.1,3.4,3.4,3.8,1.999,2.009,1.979,1.987,0.994,0.999,0.989,0.997,131.10,132.61,18.33,18.55,3.66,3.73,29.44,30.98,48.26,50.02,21.67,22.27
2015/11/27,10:20:00,0.000,11.20,11.27,192,266,3.2,3.4,3.4,3.7,2.000,2.010,1.980,1.988,0.994,0.999,0.987,0.997,130.97,132.45,18.31,18.57,3.67,3.73,29.32,30.89,48.12,49.93,21.60,22.38
2015/11/27,10:40:00,0.000,11.20,11.27,188,255,3.2,3.4,3.4,3.7,1.998,2.009,1.979,1.987,0.994,0.999,0.988,0.997,131.10,132.61,18.33,18.55,3.67,3.73,29.55,31.01,48.40,50.05,21.52,22.37
2015/11/27,11:00:00,0.000,11.20,11.28,192,265,3.2,3.4,3.4,3.7,1.998,2.008,1.979,1.987,0.994,0.999,0.988,0.998,131.12,132.61,18.31,18.54,3.66,3.73,29.40,31.03,48.23,50.08,21.46,22.28
2015/11/27,11:20:00,0.000,11.20,11.27,195,258,3.2,3.4,3.4,3.6,1.999,2.008,1.979,1.987,0.995,0.999,0.989,0.998,131.19,132.74,18.31,18.55,3.66,3.72,29.40,31.07,48.24,50.12,21.50,22.37
2015/11/27,11:40:00,0.000,11.21,11.27,196,262,3.0,3.4,3.4,3.6,1.999,2.009,1.979,1.987,0.995,0.999,0.989,0.998,131.26,132.65,18.31,18.56,3.66,3.73,29.48,30.91,48.31,49.95,21.55,22.24
2015/11/27,12:00:00,0.000,11.20,11.28,193,271,3.1,3.3,3.3,3.6,1.999,2.009,1.978,1.987,0.995,0.999,0.989,0.997,131.12,132.70,18.31,18.55,3.66,3.73,29.48,30.98,48.32,50.05,21.45,22.40
2015/11/27,12:20:00,0.000,11.21,11.29,196,261,3.2,3.3,3.4,3.6,2.000,2.009,1.979,1.987,0.994,0.999,0.988,0.997,131.12,132.63,18.33,18.55,3.66,3.72,29.43,30.94,48.29,50.01,21.50,22.40
2015/11/27,12:40:00,0.000,11.21,11.28,199,260,3.2,3.3,3.4,3.6,2.000,2.008,1.979,1.987,0.994,0.999,0.988,0.997,131.17,132.63,18.28,18.56,3.66,3.72,29.50,30.96,48.34,50.02,21.47,22.34
2015/11/27,13:00:00,0.000,11.21,11.28,197,260,3.2,3.3,3.3,3.6,1.999,2.008,1.979,1.987,0.995,1.000,0.989,0.997,131.12,132.59,18.29,18.55,3.66,3.72,29.46,30.86,48.32,49.94,21.57,22.20
2015/11/27,13:20:00,0.000,11.21,11.27,195,481,3.2,3.3,3.4,3.8,1.997,2.008,1.978,1.986,0.995,1.000,0.989,0.998,131.30,132.74,18.31,18.55,3.66,3.72,29.45,30.96,48.30,50.07,21.50,22.31
2015/11/27,13:40:00,0.000,11.21,11.28,191,270,3.0,3.3,3.4,3.6,1.998,2.008,1.978,1.986,0.995,1.000,0.989,0.999,131.28,132.70,18.29,18.55,3.66,3.73,29.37,30.89,48.20,49.94,21.54,22.22
2015/11/27,14:00:00,0.000,11.21,11.29,196,268,3.2,3.3,3.4,3.6,1.999,2.008,1.978,1.987,0.994,1.000,0.989,0.998,131.12,132.63,18.31,18.56,3.67,3.72,29.38,31.00,48.23,50.07,21.49,22.32
2015/11/27,14:20:00,0.000,11.21,11.29,196,261,3.1,3.3,3.4,3.6,1.999,2.009,1.979,1.987,0.994,0.999,0.988,0.997,131.17,132.63,18.34,18.55,3.66,3.73,29.47,31.01,48.32,50.08,21.58,22.33
2015/11/27,14:40:00,0.000,11.21,11.30,188,266,3.0,3.3,3.4,3.6,1.999,2.008,1.980,1.988,0.994,0.999,0.988,0.997,131.15,132.56,18.33,18.55,3.67,3.72,29.51,31.00,48.37,50.08,21.48,22.42
2015/11/27,15:00:00,0.000,11.23,11.30,195,262,2.8,3.4,3.3,3.6,2.000,2.008,1.979,1.987,0.994,0.999,0.988,0.997,131.08,132.59,18.33,18.55,3.66,3.73,29.41,31.04,48.25,50.12,21.58,22.40
2015/11/27,15:20:00,0.000,11.23,11.31,193,264,3.0,3.3,3.4,3.6,2.000,2.009,1.979,1.988,0.994,0.999,0.988,0.997,131.06,132.59,18.34,18.56,3.67,3.73,29.46,31.02,48.29,50.09,21.62,22.29
2015/11/27,15:40:00,0.000,11.25,11.33,191,271,3.0,3.4,3.4,3.6,1.999,2.009,1.979,1.988,0.994,0.999,0.988,0.996,131.15,132.61,18.32,18.55,3.67,3.73,29.52,31.04,48.40,50.12,21.58,22.34
2015/11/27,16:00:00,0.000,11.25,11.34,192,268,3.0,3.3,3.4,3.7,2.000,2.010,1.980,1.988,0.994,0.999,0.986,0.996,131.10,132.50,18.36,18.55,3.67,3.73,29.46,30.92,48.30,49.96,21.51,22.38
2015/11/27,16:20:00,0.000,11.27,11.34,194,265,3.0,3.3,3.2,3.6,2.000,2.010,1.980,1.988,0.994,0.999,0.988,0.996,131.21,132.56,18.34,18.55,3.67,3.73,29.56,30.95,48.43,50.03,21.52,22.39
2015/11/27,16:40:00,0.000,11.27,11.34,192,269,3.0,3.3,3.3,3.6,1.999,2.009,1.979,1.987,0.994,0.999,0.989,0.996,131.19,132.63,18.34,18.55,3.67,3.73,29.49,31.02,48.34,50.09,21.57,22.26
2015/11/27,17:00:00,0.000,11.27,11.35,193,270,3.0,3.3,3.3,3.6,1.999,2.009,1.979,1.987,0.995,0.999,0.988,0.997,131.08,132.61,18.31,18.55,3.66,3.72,29.36,30.91,48.20,50.01,21.60,22.24
2015/11/27,17:20:00,0.000,11.27,11.35,193,273,3.0,3.3,3.3,3.6,2.000,2.009,1.979,1.987,0.994,0.999,0.988,0.997,131.10,132.68,18.32,18.55,3.67,3.73,29.43,31.01,48.27,50.12,21.65,22.29
2015/11/27,17:40:00,0.000,11.27,11.35,193,263,3.0,3.3,3.3,3.6,1.999,2.009,1.979,1.987,0.994,1.000,0.988,0.996,131.17,132.74,18.32,18.55,3.66,3.73,29.32,31.09,48.19,50.21,21.52,22.25
2015/11/27,18:00:00,0.000,11.27,11.36,193,261,3.0,3.3,3.3,3.5,1.999,2.008,1.979,1.987,0.995,0.999,0.988,0.996,131.10,132.70,18.33,18.57,3.66,3.73,29.39,31.09,48.25,50.22,21.64,22.26
2015/11/27,18:20:00,0.000,11.28,11.37,198,286,3.0,3.3,3.3,3.5,2.000,2.009,1.979,1.986,0.995,0.999,0.988,0.998,131.10,132.59,18.34,18.55,3.66,3.73,29.40,30.90,48.28,50.01,21.58,22.29
2015/11/27,18:40:00,0.000,11.28,11.37,187,273,3.0,3.3,3.1,3.5,2.000,2.010,1.979,1.987,0.995,0.999,0.988,0.996,131.03,132.54,18.31,18.55,3.66,3.73,29.32,30.95,48.20,50.05,21.70,22.31
2015/11/27,19:00:00,0.000,11.27,11.37,185,265,3.0,3.3,3.3,3.5,2.000,2.009,1.979,1.987,0.994,0.999,0.988,0.996,130.94,132.61,18.32,18.57,3.65,3.72,29.25,30.96,48.10,50.08,21.68,22.25
2015/11/27,19:20:00,0.000,11.28,11.36,191,265,3.0,3.3,3.3,3.5,2.000,2.009,1.979,1.987,0.995,0.999,0.988,0.996,131.10,132.61,18.34,18.58,3.66,3.73,29.36,30.87,48.25,49.98,21.59,22.22
2015/11/27,19:40:00,0.000,11.28,11.36,190,284,3.0,3.3,3.3,3.5,2.000,2.009,1.979,1.987,0.994,0.999,0.988,0.996,131.08,132.54,18.32,18.55,3.67,3.72,29.34,30.92,48.24,50.03,21.61,22.28
2015/11/27,20:00:00,0.000,11.29,11.37,195,266,3.0,3.3,3.2,3.5,2.001,2.008,1.979,1.987,0.995,0.999,0.987,0.997,130.97,132.47,18.33,18.56,3.67,3.73,29.32,30.81,48.20,49.90,21.66,22.22
2015/11/27,20:20:00,0.000,11.29,11.38,197,265,3.0,3.3,3.2,3.5,2.001,2.010,1.979,1.988,0.994,0.999,0.987,0.995,131.01,132.41,18.35,18.57,3.67,3.73,29.36,30.82,48.23,49.92,21.58,22.36
2015/11/27,20:40:00,0.000,11.28,11.38,193,259,2.9,3.3,3.3,3.6,1.998,2.009,1.979,1.986,0.995,1.000,0.988,0.997,131.01,132.50,18.33,18.55,3.66,3.73,29.16,30.83,48.05,49.98,21.55,22.31
2015/11/27,21:00:00,0.000,11.27,11.36,188,265,3.0,3.3,3.3,3.5,1.998,2.008,1.978,1.985,0.995,1.000,0.989,0.997,131.26,132.63,18.31,18.56,3.66,3.72,29.31,30.81,48.23,49.96,21.60,22.15
2015/11/27,21:20:00,0.000,11.27,11.35,194,273,3.0,3.3,3.3,3.5,1.999,2.008,1.978,1.985,0.996,1.000,0.989,0.997,131.17,132.70,18.31,18.55,3.66,3.72,29.25,30.78,48.18,49.95,21.53,22.12
2015/11/27,21:40:00,0.000,11.27,11.35,195,265,3.0,3.3,3.3,3.5,1.999,2.008,1.977,1.985,0.996,1.000,0.988,0.997,131.17,132.68,18.33,18.55,3.66,3.72,29.30,30.74,48.23,49.89,21.51,22.20
2015/11/27,22:00:00,0.000,11.26,11.33,195,264,2.9,3.4,3.4,3.6,1.999,2.007,1.977,1.985,0.996,1.001,0.989,0.997,131.35,132.72,18.29,18.54,3.66,3.72,29.32,30.81,48.25,49.94,21.50,22.11
2015/11/27,22:20:00,0.000,11.24,11.31,195,262,3.0,3.3,3.3,3.6,1.997,2.007,1.977,1.985,0.996,1.001,0.989,0.997,131.33,132.81,18.32,18.55,3.65,3.72,29.37,30.77,48.32,49.96,21.47,22.19
2015/11/27,22:40:00,0.000,11.24,11.31,195,260,3.0,3.3,3.4,3.6,1.999,2.007,1.976,1.985,0.996,1.000,0.989,0.998,131.28,132.65,18.31,18.55,3.66,3.72,29.27,30.77,48.20,49.93,21.55,22.16
2015/11/27,23:00:00,0.000,11.22,11.30,193,263,2.9,3.4,3.4,3.7,1.999,2.009,1.978,1.985,0.995,1.000,0.988,0.998,131.12,132.68,18.31,18.58,3.66,3.72,29.27,30.89,48.19,50.07,21.59,22.30
2015/11/27,23:20:00,0.000,11.23,11.29,195,265,3.0,3.3,3.4,3.8,1.999,2.009,1.978,1.986,0.995,1.000,0.987,0.998,131.17,132.61,18.33,18.55,3.66,3.73,29.23,30.84,48.16,50.02,21.44,22.34
2015/11/27,23:40:00,0.000,11.21,11.30,192,265,3.0,3.3,3.4,3.7,1.998,2.008,1.978,1.985,0.995,1.000,0.988,0.997,131.15,132.68,18.32,18.55,3.66,3.72,29.21,30.77,48.16,49.97,21.40,22.34
2015/11/28,00:00:00,0.000,11.21,11.29,198,276,3.0,3.4,3.4,3.7,2.000,2.009,1.978,1.987,0.995,1.000,0.987,0.997,130.94,132.54,18.32,18.58,3.67,3.72,29.14,30.74,48.07,49.90,21.44,22.43
2015/11/28,00:20:00,0.000,11.21,11.28,194,262,3.1,3.3,3.3,3.8,2.000,2.009,1.978,1.986,0.995,1.000,0.987,0.996,131.03,132.43,18.33,18.58,3.66,3.72,29.24,30.65,48.19,49.82,21.63,22.26
2015/11/28,00:40:00,0.000,11.21,11.27,185,271,3.1,3.4,3.4,3.7,1.999,2.008,1.978,1.987,0.995,1.000,0.987,0.996,131.01,132.56,18.31,18.58,3.66,3.72,29.30,30.74,48.27,49.93,21.48,22.31
2015/11/28,01:00:00,0.000,11.20,11.27,196,274,3.0,3.3,3.4,3.8,1.998,2.009,1.977,1.986,0.995,1.000,0.988,0.997,131.17,132.63,18.31,18.57,3.66,3.73,29.21,30.76,48.15,49.95,21.41,22.31
2015/11/28,01:20:00,0.000,11.20,11.27,193,265,3.2,3.3,3.4,3.7,1.999,2.008,1.978,1.985,0.996,1.001,0.988,0.997,131.17,132.63,18.31,18.55,3.66,3.72,29.23,30.83,48.19,50.05,21.42,22.33
2015/11/28,01:40:00,0.000,11.19,11.27,188,277,3.0,3.4,3.4,3.8,1.999,2.009,1.977,1.985,0.995,1.001,0.988,0.997,131.21,132.65,18.31,18.55,3.66,3.72,29.16,30.72,48.11,49.92,21.36,22.32
2015/11/28,02:00:00,0.000,11.19,11.27,197,266,3.2,3.4,3.3,3.6,1.999,2.008,1.978,1.986,0.995,1.000,0.988,0.997,131.21,132.56,18.33,18.55,3.66,3.72,29.27,30.68,48.23,49.86,21.44,22.25
2015/11/28,02:20:00,0.000,11.18,11.27,195,265,3.0,3.4,3.4,3.7,1.999,2.008,1.978,1.986,0.996,1.001,0.988,0.997,131.21,132.63,18.31,18.56,3.66,3.72,29.26,30.63,48.23,49.82,21.51,22.29
2015/11/28,02:40:00,0.000,11.18,11.27,196,266,3.2,3.6,3.4,3.7,2.000,2.009,1.978,1.986,0.995,1.000,0.988,0.997,131.12,132.59,18.34,18.55,3.66,3.73,29.27,30.68,48.23,49.86,21.53,22.28
2015/11/28,03:00:00,0.000,11.18,11.26,189,592,3.2,3.4,3.4,3.7,1.998,2.009,1.979,1.987,0.995,1.000,0.987,0.997,131.12,132.43,18.34,18.57,3.67,3.72,29.30,30.64,48.29,49.83,21.55,22.25
2015/11/28,03:20:00,0.000,11.18,11.26,193,265,3.0,3.4,3.4,3.8,1.999,2.009,1.979,1.987,0.995,1.000,0.987,0.997,130.94,132.45,18.33,18.58,3.66,3.73,29.09,30.70,48.02,49.90,21.54,22.32
2015/11/28,03:40:00,0.000,11.18,11.26,190,266,3.2,3.4,3.4,3.7,2.000,2.010,1.979,1.988,0.994,1.000,0.986,0.995,131.01,132.47,18.32,18.59,3.66,3.73,29.23,30.67,48.20,49.88,21.62,22.28
2015/11/28,04:00:00,0.000,11.17,11.26,196,264,3.1,3.4,3.4,3.9,2.001,2.010,1.979,1.987,0.995,0.999,0.987,0.995,130.97,132.43,18.33,18.57,3.67,3.73,29.20,30.77,48.16,49.98,21.51,22.39
2015/11/28,04:20:00,0.000,11.18,11.27,197,260,3.2,3.4,3.4,3.8,2.000,2.010,1.979,1.988,0.994,0.999,0.986,0.996,130.92,132.36,18.34,18.59,3.67,3.73,29.23,30.69,48.19,49.89,21.52,22.30
2015/11/28,04:40:00,0.000,11.19,11.27,196,266,3.2,3.4,3.4,3.8,2.001,2.009,1.979,1.988,0.995,0.999,0.987,0.996,130.92,132.36,18.34,18.57,3.66,3.73,29.24,30.71,48.20,49.90,21.58,22.47
2015/11/28,05:00:00,0.000,11.19,11.27,193,266,3.2,3.3,3.4,3.6,2.000,2.010,1.979,1.987,0.995,0.999,0.987,0.995,130.88,132.43,18.34,18.60,3.67,3.73,29.15,30.78,48.09,49.99,21.52,22.38
2015/11/28,05:20:00,0.000,11.20,11.27,197,263,3.2,3.4,3.4,3.7,2.000,2.009,1.979,1.988,0.995,1.000,0.986,0.995,130.92,132.36,18.34,18.58,3.66,3.73,29.20,30.65,48.17,49.84,21.52,22.37
2015/11/28,05:40:00,0.000,11.20,11.28,193,265,3.2,3.3,3.4,3.8,2.000,2.009,1.978,1.987,0.995,1.000,0.987,0.997,130.94,132.41,18.34,18.56,3.67,3.73,29.16,30.66,48.12,49.87,21.59,22.33
2015/11/28,06:00:00,0.000,11.21,11.28,194,266,3.1,3.3,3.4,3.6,2.000,2.010,1.979,1.986,0.995,0.999,0.986,0.995,130.92,132.36,18.34,18.57,3.66,3.72,29.15,30.67,48.13,49.88,21.61,22.29
2015/11/28,06:20:00,0.000,11.21,11.28,196,267,3.0,3.3,3.4,3.7,2.000,2.009,1.979,1.986,0.995,0.999,0.987,0.996,130.97,132.38,18.35,18.58,3.66,3.72,29.19,30.65,48.18,49.87,21.58,22.25
2015/11/28,06:40:00,0.000,11.21,11.29,196,274,3.0,3.3,3.4,3.8,2.000,2.010,1.977,1.986,0.995,1.000,0.987,0.995,130.92,132.41,18.32,18.58,3.67,3.73,29.09,30.67,48.06,49.90,21.48,22.41
2015/11/28,07:00:00,0.000,11.21,11.29,196,268,3.0,3.4,3.4,3.7,2.000,2.009,1.978,1.986,0.995,1.000,0.987,0.996,130.88,132.41,18.33,18.57,3.66,3.73,29.02,30.66,47.97,49.90,21.56,22.25
2015/11/28,07:20:00,0.000,11.22,11.30,193,269,3.0,3.3,3.4,3.6,1.999,2.010,1.979,1.987,0.995,1.000,0.986,0.996,130.92,132.41,18.33,18.58,3.66,3.72,29.14,30.66,48.13,49.93,21.63,22.34
2015/11/28,07:40:00,0.000,11.23,11.31,197,261,3.0,3.3,3.4,3.6,2.000,2.010,1.979,1.987,0.995,0.999,0.987,0.995,130.94,132.32,18.34,18.57,3.66,3.73,29.15,30.60,48.15,49.80,21.62,22.28
2015/11/28,08:00:00,0.000,11.23,11.31,198,264,3.0,3.3,3.3,3.8,2.000,2.010,1.979,1.987,0.995,1.000,0.988,0.995,130.97,132.41,18.34,18.55,3.67,3.72,29.17,30.63,48.18,49.86,21.61,22.24
2015/11/28,08:20:00,0.000,11.24,11.31,198,268,3.0,3.3,3.4,3.6,2.001,2.010,1.979,1.986,0.995,1.000,0.987,0.996,130.94,132.25,18.35,18.58,3.66,3.73,29.14,30.53,48.15,49.78,21.62,22.27
2015/11/28,08:40:00,0.000,11.22,11.31,190,263,3.0,3.4,3.3,3.6,2.000,2.010,1.978,1.986,0.996,1.000,0.987,0.995,130.92,132.41,18.34,18.58,3.66,3.73,29.14,30.63,48.16,49.90,21.56,22.24
2015/11/28,09:00:00,0.000,11.22,11.30,191,262,3.0,3.4,3.3,3.6,2.000,2.009,1.977,1.985,0.996,1.001,0.988,0.996,131.08,132.50,18.34,18.55,3.66,3.73,29.15,30.53,48.21,49.79,21.56,22.23
2015/11/28,09:20:00,0.000,11.21,11.29,193,261,3.0,3.3,3.4,3.6,1.999,2.009,1.978,1.985,0.996,1.001,0.988,0.996,131.06,132.45,18.32,18.56,3.66,3.72,29.07,30.60,48.07,49.86,21.49,22.29
2015/11/28,09:40:00,0.000,11.22,11.29,191,263,3.0,3.3,3.4,3.8,2.000,2.010,1.978,1.986,0.995,1.000,0.987,0.996,130.85,132.47,18.31,18.57,3.66,3.73,29.16,30.59,48.19,49.87,21.47,22.31
2015/11/28,10:00:00,0.000,11.22,11.30,188,268,3.0,3.4,3.3,3.8,2.001,2.010,1.979,1.986,0.995,1.000,0.987,0.995,130.83,132.29,18.34,18.57,3.67,3.73,29.10,30.52,48.09,49.77,21.52,22.34
2015/11/28,10:20:00,0.000,11.22,11.30,189,266,3.0,3.3,3.3,3.8,2.001,2.010,1.979,1.987,0.995,1.000,0.987,0.995,130.85,132.25,18.34,18.58,3.67,3.73,29.10,30.62,48.10,49.86,21.62,22.31
2015/11/28,10:40:00,0.000,11.23,11.31,195,258,3.0,3.3,3.4,3.6,2.001,2.010,1.979,1.987,0.995,0.999,0.987,0.995,130.81,132.18,18.35,18.61,3.67,3.73,29.05,30.51,48.06,49.74,21.62,22.26
2015/11/28,11:00:00,0.000,11.23,11.32,192,265,3.0,3.3,3.4,3.6,2.001,2.010,1.979,1.987,0.995,0.999,0.986,0.995,130.79,132.20,18.35,18.57,3.67,3.73,29.04,30.51,48.05,49.78,21.52,22.44
2015/11/28,11:20:00,0.000,11.24,11.31,195,277,2.9,3.4,3.3,3.6,2.001,2.010,1.979,1.987,0.995,1.000,0.987,0.995,130.88,132.20,18.34,18.59,3.67,3.73,29.08,30.47,48.11,49.73,21.56,22.39
2015/11/28,11:40:00,0.000,11.24,11.31,200,273,3.0,3.3,3.3,3.5,2.001,2.010,1.979,1.987,0.995,0.999,0.986,0.994,130.83,132.18,18.31,18.58,3.67,3.73,29.11,30.42,48.12,49.67,21.70,22.22
2015/11/28,12:00:00,0.000,11.24,11.33,191,265,3.0,3.3,3.3,3.5,2.001,2.010,1.979,1.987,0.995,0.999,0.986,0.995,130.76,132.27,18.33,18.58,3.67,3.73,29.03,30.54,48.03,49.82,21.65,22.28
2015/11/28,12:20:00,0.000,11.25,11.33,196,274,3.0,3.3,3.3,3.5,2.002,2.011,1.977,1.987,0.995,1.000,0.985,0.994,130.72,132.25,18.36,18.61,3.66,3.73,28.89,30.54,48.01,49.94,21.64,22.27
2015/11/28,12:40:00,0.000,11.25,11.33,193,270,3.0,3.3,3.3,3.5,2.001,2.011,1.979,1.986,0.995,1.000,0.986,0.995,130.74,132.36,18.37,18.58,3.67,3.73,29.00,30.60,48.11,49.99,21.62,22.30
2015/11/28,13:00:00,0.000,11.24,11.33,193,263,3.0,3.3,3.3,3.6,2.001,2.011,1.978,1.985,0.995,1.000,0.987,0.994,130.88,132.27,18.34,18.58,3.67,3.73,28.97,30.42,48.08,49.80,21.56,22.22
2015/11/28,13:20:00,0.000,11.25,11.32,192,266,3.0,3.3,3.2,3.5,2.001,2.011,1.978,1.986,0.996,1.000,0.985,0.995,130.85,132.29,18.34,18.58,3.66,3.73,29.01,30.50,48.13,49.89,21.70,22.30
2015/11/28,13:40:00,0.000,11.24,11.33,193,267,3.0,3.3,3.3,3.5,2.001,2.010,1.977,1.986,0.996,1.000,0.986,0.994,130.79,132.27,18.35,18.58,3.66,3.73,28.97,30.55,48.07,49.95,21.62,22.26
2015/11/28,14:00:00,0.000,11.25,11.32,193,268,3.0,3.3,3.3,3.5,2.000,2.010,1.976,1.985,0.996,1.001,0.987,0.995,130.99,132.38,18.36,18.58,3.66,3.73,28.96,30.43,48.10,49.82,21.56,22.15
2015/11/28,14:20:00,0.000,11.23,11.32,188,267,2.9,3.3,3.3,3.5,2.001,2.010,1.977,1.985,0.996,1.001,0.987,0.995,130.94,132.27,18.33,18.58,3.66,3.72,29.05,30.45,48.19,49.84,21.66,22.18
2015/11/28,14:40:00,0.000,11.24,11.33,139,270,3.0,3.4,3.3,3.5,2.000,2.010,1.977,1.986,0.995,1.000,0.986,0.995,130.79,132.34,18.34,18.61,3.66,3.73,28.85,30.48,47.94,49.87,21.57,22.26
2015/11/28,15:00:00,0.000,11.23,11.32,185,271,3.0,3.3,3.3,3.5,2.001,2.011,1.977,1.985,0.996,1.000,0.987,0.994,130.83,132.27,18.36,18.58,3.66,3.72,28.96,30.44,48.09,49.82,21.58,22.17
2015/11/28,15:20:00,0.000,11.23,11.32,196,267,3.0,3.3,3.3,3.6,2.001,2.011,1.978,1.986,0.995,1.000,0.986,0.994,130.74,132.20,18.32,18.58,3.66,3.73,28.90,30.39,48.02,49.78,21.61,22.30
2015/11/28,15:40:00,0.000,11.24,11.33,187,267,2.9,3.4,3.3,3.5,2.001,2.011,1.978,1.987,0.995,1.000,0.986,0.994,130.67,132.16,18.35,18.59,3.67,3.73,28.92,30.45,48.02,49.82,21.60,22.35
2015/11/28,16:00:00,0.000,11.24,11.32,192,265,3.0,3.4,3.2,3.5,2.001,2.010,1.977,1.986,0.995,1.000,0.986,0.995,130.76,132.18,18.35,18.61,3.67,3.73,28.89,30.36,48.02,49.74,21.63,22.24
2015/11/28,16:20:00,0.000,11.24,11.33,194,286,3.0,3.3,3.3,3.5,2.001,2.010,1.978,1.986,0.996,1.000,0.986,0.995,130.79,132.32,18.34,18.57,3.66,3.73,28.88,30.50,47.98,49.90,21.62,22.21
2015/11/28,16:40:00,0.000,11.24,11.33,199,263,3.0,3.3,3.2,3.6,2.001,2.011,1.977,1.986,0.996,1.000,0.987,0.994,130.81,132.25,18.37,18.61,3.66,3.72,28.91,30.37,48.04,49.75,21.55,22.27
2015/11/28,17:00:00,0.000,11.25,11.33,192,263,3.0,3.4,3.2,3.5,2.001,2.011,1.979,1.987,0.996,0.999,0.986,0.995,130.76,132.23,18.34,18.58,3.66,3.73,28.87,30.47,48.01,49.87,21.64,22.24
2015/11/28,17:20:00,0.000,11.26,11.34,184,265,3.0,3.3,3.2,3.5,2.001,2.010,1.979,1.986,0.995,1.000,0.985,0.995,130.67,132.23,18.36,18.58,3.66,3.73,28.84,30.38,47.96,49.80,21.62,22.26
2015/11/28,17:40:00,0.000,11.25,11.34,197,266,3.0,3.3,3.3,3.5,2.001,2.010,1.978,1.986,0.996,1.000,0.986,0.995,130.74,132.16,18.37,18.58,3.67,3.73,28.86,30.34,48.00,49.73,21.70,22.25
2015/11/28,18:00:00,0.000,11.26,11.34,199,268,3.0,3.3,3.2,3.6,2.001,2.010,1.978,1.986,0.995,1.000,0.986,0.994,130.65,132.20,18.35,18.58,3.66,3.73,28.74,30.32,47.84,49.72,21.65,22.22
2015/11/28,18:20:00,0.000,11.27,11.35,191,280,3.0,3.3,3.2,3.5,2.001,2.010,1.978,1.987,0.995,1.000,0.985,0.995,130.63,132.20,18.35,18.60,3.66,3.73,28.79,30.53,47.90,49.96,21.61,22.34
2015/11/28,18:40:00,0.000,11.27,11.36,190,267,3.0,3.3,3.2,3.5,1.992,2.028,1.979,2.018,0.995,1.007,0.985,1.011,130.54,133.96,18.35,20.22,3.66,3.80,28.73,30.38,47.83,50.31,21.74,22.21
2015/11/28,19:00:00,0.000,11.26,11.35,192,269,3.0,3.1,3.2,3.6,1.993,2.003,1.997,2.006,1.003,1.006,0.993,1.001,131.93,133.42,19.97,20.23,3.73,3.79,28.80,30.30,48.42,50.19,21.73,22.18
2015/11/28,19:20:00,0.000,11.26,11.33,192,264,2.9,3.1,3.2,3.6,1.993,2.003,1.997,2.006,1.003,1.007,0.993,1.002,131.96,133.37,19.96,20.22,3.73,3.80,28.78,30.27,48.36,50.13,21.68,22.18
2015/11/28,19:40:00,0.000,11.25,11.34,191,273,2.9,3.1,3.3,3.6,1.993,2.002,1.997,2.006,1.003,1.006,0.993,1.002,131.93,133.31,19.98,20.21,3.73,3.79,28.78,30.24,48.34,50.09,21.65,22.20
2015/11/28,20:00:00,0.000,11.26,11.33,192,265,3.0,3.3,3.2,3.5,1.992,2.001,1.997,2.005,1.003,1.007,0.993,1.002,131.91,133.31,19.97,20.18,3.73,3.79,28.71,30.21,48.28,50.01,21.69,22.16
2015/11/28,20:20:00,0.000,11.25,11.33,197,273,3.0,3.4,3.2,3.5,1.992,2.001,1.997,2.005,1.003,1.007,0.994,1.002,131.87,133.42,19.97,20.21,3.73,3.79,28.69,30.24,48.24,50.11,21.65,22.24
2015/11/28,20:40:00,0.000,11.25,11.33,197,267,3.0,3.1,3.3,3.5,1.993,2.002,1.997,2.006,1.003,1.007,0.993,1.002,131.80,133.35,19.96,20.22,3.73,3.80,28.68,30.21,48.26,50.07,21.68,22.21
2015/11/28,21:00:00,0.000,11.25,11.33,199,272,3.0,3.1,3.3,3.5,1.993,2.001,1.998,2.006,1.003,1.007,0.993,1.001,131.82,133.24,19.96,20.21,3.73,3.80,28.71,30.03,48.29,49.86,21.71,22.17
2015/11/28,21:20:00,0.000,11.26,11.32,195,266,2.9,3.3,3.3,3.5,1.992,2.001,1.998,2.006,1.003,1.007,0.993,1.002,131.75,133.19,19.96,20.19,3.73,3.80,28.56,29.99,48.10,49.80,21.63,22.19
2015/11/28,21:40:00,0.000,11.25,11.32,189,271,3.0,3.1,3.1,3.6,1.992,2.001,1.999,2.006,1.003,1.007,0.994,1.002,131.78,133.17,19.98,20.20,3.73,3.80,28.62,30.08,48.16,49.89,21.71,22.18
2015/11/28,22:00:00,0.000,11.24,11.32,193,266,3.0,3.4,3.3,3.5,1.991,2.001,1.998,2.006,1.003,1.007,0.994,1.003,131.71,133.19,19.96,20.20,3.73,3.80,28.53,29.98,48.01,49.73,21.58,22.22
2015/11/28,22:20:00,0.000,11.22,11.30,193,255,3.0,3.3,3.3,3.5,1.990,2.000,1.997,2.005,1.004,1.008,0.996,1.003,131.98,133.33,19.91,20.15,3.73,3.79,28.62,29.90,48.10,49.62,21.54,22.10
2015/11/28,22:40:00,0.000,11.21,11.28,191,269,3.0,3.3,3.3,3.7,1.990,2.000,1.997,2.005,1.004,1.008,0.996,1.004,131.89,133.37,19.93,20.15,3.72,3.79,28.46,29.92,47.89,49.64,21.49,22.09
2015/11/28,23:00:00,0.000,11.21,11.29,195,282,3.0,3.4,3.1,3.5,1.990,2.000,1.998,2.006,1.003,1.007,0.995,1.004,131.73,133.24,19.92,20.16,3.73,3.80,28.42,29.93,47.88,49.66,21.49,22.25
2015/11/28,23:20:00,0.000,11.20,11.28,199,267,3.0,3.3,3.3,3.5,1.992,2.001,1.999,2.007,1.003,1.007,0.994,1.004,131.53,132.99,19.94,20.20,3.73,3.80,28.38,29.76,47.80,49.47,21.49,22.36
2015/11/28,23:40:00,0.000,11.20,11.28,193,267,3.0,3.3,3.3,3.6,1.991,2.001,1.998,2.008,1.002,1.007,0.994,1.003,131.51,132.86,19.95,20.19,3.74,3.80,28.35,29.78,47.77,49.46,21.55,22.23
2015/11/29,00:00:00,0.000,11.21,11.29,195,273,3.0,3.3,3.3,3.5,1.991,2.001,2.001,2.008,1.002,1.006,0.994,1.002,131.37,132.77,19.96,20.19,3.74,3.81,28.29,29.80,47.68,49.49,21.64,22.36
2015/11/29,00:20:00,0.000,11.21,11.30,191,269,2.9,3.3,3.3,3.6,1.992,2.001,2.000,2.008,1.002,1.006,0.994,1.003,131.39,132.77,19.94,20.18,3.73,3.81,28.39,29.78,47.79,49.45,21.64,22.33
2015/11/29,00:40:00,0.000,11.22,11.30,192,266,3.0,3.3,3.3,3.5,1.993,2.001,2.001,2.008,1.002,1.006,0.994,1.002,131.24,132.63,19.93,20.19,3.74,3.80,28.24,29.70,47.61,49.37,21.71,22.24
2015/11/29,01:00:00,0.000,11.22,11.30,196,266,2.9,3.3,3.3,3.5,1.992,2.001,2.001,2.008,1.002,1.006,0.995,1.002,131.39,132.77,19.93,20.20,3.74,3.81,28.32,29.73,47.73,49.41,21.64,22.25
2015/11/29,01:20:00,0.000,11.22,11.30,193,266,3.0,3.4,3.3,3.6,1.992,2.001,2.001,2.008,1.002,1.006,0.994,1.003,131.30,132.70,19.94,20.19,3.74,3.81,28.33,29.67,47.73,49.32,21.62,22.26
2015/11/29,01:40:00,0.000,11.22,11.31,195,266,3.0,3.3,3.2,3.5,1.992,2.001,2.001,2.009,1.002,1.006,0.994,1.002,131.19,132.65,19.93,20.17,3.74,3.80,28.28,29.65,47.62,49.28,21.56,22.39
2015/11/29,02:00:00,0.000,11.23,11.32,194,266,3.0,3.3,3.2,3.5,1.992,2.000,2.001,2.010,1.002,1.006,0.993,1.002,131.21,132.72,19.93,20.17,3.75,3.80,28.16,29.65,47.49,49.28,21.71,22.21
2015/11/29,02:20:00,0.000,11.22,11.31,188,270,3.0,3.3,3.3,3.6,1.991,2.001,2.001,2.009,1.002,1.006,0.994,1.003,131.24,132.68,19.92,20.16,3.75,3.82,28.17,29.66,47.52,49.28,21.67,22.20
2015/11/29,02:40:00,0.000,11.22,11.31,194,273,3.0,3.3,3.1,3.5,1.991,2.001,2.001,2.009,1.003,1.007,0.994,1.003,131.33,132.61,19.93,20.17,3.74,3.80,28.15,29.57,47.51,49.19,21.63,22.19
2015/11/29,03:00:00,0.000,11.22,11.30,192,262,3.0,3.3,3.2,3.5,1.991,2.000,2.001,2.008,1.003,1.007,0.995,1.004,131.28,132.63,19.93,20.16,3.75,3.81,28.10,29.47,47.44,49.08,21.58,22.18
2015/11/29,03:20:00,0.000,11.22,11.29,196,259,3.0,3.3,3.3,3.5,1.992,2.000,2.001,2.009,1.003,1.007,0.994,1.003,131.30,132.65,19.94,20.17,3.74,3.80,28.16,29.47,47.51,49.06,21.59,22.26
2015/11/29,03:40:00,0.000,11.22,11.30,194,271,3.0,3.3,3.1,3.5,1.991,2.001,2.001,2.010,1.003,1.007,0.994,1.003,131.12,132.63,19.95,20.17,3.75,3.82,28.02,29.54,47.35,49.15,21.60,22.31
2015/11/29,04:00:00,0.000,11.22,11.30,189,268,3.0,3.3,3.2,3.6,1.992,2.000,2.001,2.009,1.002,1.006,0.995,1.003,131.08,132.41,19.95,20.18,3.75,3.81,28.02,29.43,47.33,49.03,21.68,22.22
2015/11/29,04:20:00,0.000,11.23,11.31,195,266,3.0,3.2,3.2,3.5,1.992,2.000,2.002,2.010,1.002,1.006,0.994,1.002,131.10,132.38,19.90,20.18,3.75,3.81,28.07,29.43,47.39,49.04,21.68,22.21
2015/11/29,04:40:00,0.000,11.23,11.31,195,259,3.0,3.1,3.3,3.5,1.992,2.001,2.002,2.010,1.002,1.006,0.994,1.003,131.15,132.38,19.94,20.17,3.75,3.81,28.13,29.41,47.50,49.00,21.69,22.24
2015/11/29,05:00:00,0.000,11.22,11.30,196,266,3.0,3.3,3.2,3.5,1.990,2.000,2.001,2.010,1.003,1.007,0.995,1.003,131.12,132.50,19.91,20.15,3.74,3.82,28.01,29.32,47.30,48.88,21.60,22.24
2015/11/29,05:20:00,0.000,11.20,11.28,196,260,3.0,3.3,3.2,3.5,1.989,1.998,1.999,2.008,1.003,1.008,0.996,1.005,131.42,132.72,19.92,20.14,3.73,3.80,28.05,29.38,47.39,48.99,21.53,22.06
2015/11/29,05:40:00,0.000,11.19,11.27,193,261,3.0,3.3,3.1,3.5,1.990,1.998,1.999,2.007,1.003,1.008,0.996,1.004,131.48,132.74,19.91,20.14,3.73,3.80,28.08,29.39,47.43,49.01,21.44,22.18
2015/11/29,06:00:00,0.000,11.18,11.27,192,269,3.0,3.3,3.3,3.5,1.988,1.998,1.997,2.008,1.004,1.009,0.997,1.005,131.33,132.88,19.90,20.15,3.73,3.80,27.92,29.47,47.28,49.13,21.26,22.29
2015/11/29,06:20:00,0.000,11.17,11.25,197,261,3.0,3.3,3.3,3.6,1.987,1.996,1.997,2.006,1.005,1.009,0.999,1.006,131.62,132.97,19.89,20.11,3.73,3.80,27.99,29.31,47.34,48.94,21.31,22.13
2015/11/29,06:40:00,0.000,11.15,11.24,188,259,3.0,3.3,3.4,3.7,1.988,1.997,1.998,2.005,1.004,1.009,0.998,1.006,131.55,132.86,19.89,20.12,3.73,3.79,27.97,29.28,47.30,48.89,21.40,22.04
2015/11/29,07:00:00,0.000,11.13,11.21,199,258,3.2,3.6,3.4,3.7,1.988,1.998,1.999,2.008,1.003,1.008,0.996,1.005,131.19,132.68,19.90,20.15,3.74,3.80,27.91,29.19,47.23,48.80,21.42,22.19
2015/11/29,07:20:00,0.000,11.12,11.21,182,268,3.2,3.9,3.4,4.3,1.989,1.999,2.001,2.009,1.002,1.007,0.995,1.003,130.92,132.36,19.89,20.16,3.75,3.81,27.83,29.16,47.14,48.74,21.56,22.39
2015/11/29,07:40:00,0.000,11.12,11.20,199,271,3.2,3.4,3.4,3.7,1.991,2.000,2.002,2.010,1.002,1.007,0.994,1.002,130.85,132.18,19.93,20.17,3.74,3.82,27.83,29.10,47.14,48.67,21.58,22.30
2015/11/29,08:00:00,0.000,11.12,11.20,196,271,3.2,3.4,3.4,3.7,1.991,2.000,2.002,2.010,1.002,1.006,0.994,1.003,130.88,132.11,19.94,20.17,3.75,3.82,27.84,29.14,47.15,48.70,21.58,22.36
2015/11/29,08:20:00,0.000,11.12,11.20,197,271,3.2,3.4,3.4,3.7,1.990,1.999,2.002,2.011,1.001,1.006,0.994,1.003,130.79,132.14,19.92,20.16,3.75,3.81,27.76,29.10,47.03,48.65,21.53,22.31
2015/11/29,08:40:00,0.000,11.12,11.21,193,265,3.2,3.4,3.4,3.6,1.991,2.000,2.002,2.010,1.002,1.006,0.994,1.003,130.90,132.20,19.90,20.17,3.74,3.81,27.79,29.13,47.08,48.69,21.56,22.28
2015/11/29,09:00:00,0.000,11.12,11.21,89,274,3.2,3.4,3.4,3.6,1.990,1.999,2.001,2.010,1.003,1.007,0.994,1.003,130.85,132.20,19.91,20.14,3.74,3.82,27.74,29.01,46.98,48.54,21.54,22.24
2015/11/29,09:20:00,0.000,11.11,11.20,190,265,2.8,3.4,3.4,3.6,1.989,1.998,2.001,2.010,1.002,1.007,0.995,1.003,130.94,132.25,19.89,20.15,3.74,3.81,27.73,29.20,46.99,48.77,21.45,22.36
2015/11/29,09:40:00,0.000,11.12,11.20,194,263,3.2,3.4,3.4,3.8,1.990,1.999,2.002,2.010,1.002,1.007,0.995,1.003,130.88,132.14,19.90,20.18,3.74,3.82,27.77,29.05,47.04,48.58,21.51,22.33
2015/11/29,10:00:00,0.000,11.12,11.20,196,269,3.2,3.4,3.4,3.7,1.990,2.000,2.002,2.010,1.002,1.006,0.995,1.003,130.72,132.09,19.92,20.17,3.75,3.82,27.60,29.05,46.84,48.58,21.55,22.26
2015/11/29,10:20:00,0.000,11.11,11.19,193,270,3.2,3.4,3.4,3.6,1.989,1.999,2.002,2.011,1.002,1.007,0.995,1.003,130.81,132.16,19.91,20.13,3.74,3.81,27.76,29.02,47.05,48.57,21.47,22.33
2015/11/29,10:40:00,0.000,11.11,11.20,191,280,3.1,3.4,3.4,3.7,1.990,1.999,2.003,2.010,1.002,1.007,0.994,1.005,130.67,132.09,19.90,20.14,3.75,3.82,27.63,29.00,46.87,48.53,21.47,22.32
2015/11/29,11:00:00,0.000,11.12,11.20,195,266,3.2,3.4,3.4,3.6,1.990,2.000,2.002,2.010,1.002,1.007,0.994,1.004,130.76,132.05,19.90,20.17,3.76,3.82,27.59,28.94,46.84,48.46,21.53,22.24
2015/11/29,11:20:00,0.000,11.12,11.20,194,261,3.2,3.4,3.4,3.6,1.989,1.998,2.003,2.011,1.002,1.007,0.995,1.003,130.67,132.11,19.84,20.14,3.75,3.82,27.66,28.98,46.90,48.51,21.48,22.26
2015/11/29,11:40:00,0.000,11.11,11.20,154,268,3.2,3.4,3.4,3.6,1.989,1.998,2.003,2.010,1.003,1.007,0.995,1.005,130.74,132.02,19.90,20.14,3.75,3.82,27.66,28.80,46.88,48.29,21.49,22.25
2015/11/29,12:00:00,0.000,11.12,11.20,198,270,3.2,3.4,3.4,3.6,1.988,1.998,2.001,2.011,1.003,1.007,0.994,1.005,130.74,132.05,19.90,20.14,3.74,3.82,27.53,28.86,46.77,48.35,21.55,22.23
2015/11/29,12:20:00,0.000,11.11,11.20,197,269,3.1,3.4,3.4,3.7,1.989,1.999,2.002,2.012,1.002,1.007,0.995,1.003,130.65,131.96,19.90,20.14,3.75,3.82,27.51,28.88,46.75,48.41,21.55,22.24
2015/11/29,12:40:00,0.000,11.11,11.20,193,277,3.2,3.6,3.4,4.0,1.989,1.999,2.003,2.011,1.002,1.007,0.995,1.003,130.61,132.05,19.87,20.14,3.75,3.82,27.53,28.87,46.76,48.38,21.55,22.33
2015/11/29,13:00:00,0.000,11.10,11.20,193,269,3.2,3.4,3.4,3.8,1.989,1.999,2.004,2.011,1.002,1.007,0.994,1.003,130.56,131.87,19.90,20.16,3.75,3.82,27.54,28.84,46.76,48.33,21.56,22.35
2015/11/29,13:20:00,0.000,11.11,11.20,196,278,3.0,3.6,3.4,3.6,1.989,1.999,2.004,2.012,1.002,1.006,0.995,1.004,130.47,131.89,19.90,20.15,3.75,3.82,27.53,28.83,46.73,48.32,21.52,22.31
2015/11/29,13:40:00,0.000,11.11,11.20,182,270,3.2,3.4,3.4,3.7,1.989,1.998,2.003,2.011,1.002,1.007,0.995,1.004,130.56,131.84,19.90,20.17,3.76,3.82,27.51,28.78,46.72,48.24,21.53,22.27
2015/11/29,14:00:00,0.000,11.11,11.20,193,273,3.2,3.3,3.4,3.7,1.990,1.999,2.004,2.012,1.002,1.006,0.994,1.003,130.49,131.75,19.93,20.14,3.75,3.82,27.50,28.75,46.69,48.23,21.60,22.28
2015/11/29,14:20:00,0.000,11.12,11.20,194,268,3.1,3.4,3.3,3.8,1.990,1.999,2.004,2.012,1.002,1.007,0.995,1.003,130.52,131.80,19.92,20.15,3.76,3.82,27.51,28.69,46.72,48.18,21.60,22.28
2015/11/29,14:40:00,0.000,11.13,11.21,192,261,3.1,3.4,3.4,3.6,1.990,1.999,2.005,2.011,1.002,1.006,0.995,1.003,130.52,131.71,19.93,20.15,3.75,3.82,27.48,28.75,46.70,48.24,21.62,22.34
2015/11/29,15:00:00,0.000,11.13,11.22,197,266,2.9,3.3,3.4,3.8,1.990,1.999,2.004,2.012,1.002,1.006,0.995,1.003,130.47,131.78,19.92,20.14,3.76,3.82,27.44,28.74,46.65,48.24,21.55,22.36
2015/11/29,15:20:00,0.000,11.13,11.22,193,268,2.9,3.6,3.4,3.7,1.990,1.999,2.004,2.012,1.002,1.007,0.994,1.004,130.49,131.89,19.90,20.14,3.75,3.82,27.48,28.73,46.72,48.23,21.46,22.33
2015/11/29,15:40:00,0.000,11.13,11.21,193,268,3.0,3.4,3.3,3.8,1.988,1.998,2.003,2.011,1.002,1.007,0.994,1.004,130.52,131.80,19.90,20.13,3.76,3.81,27.45,28.67,46.70,48.19,21.43,22.33
2015/11/29,16:00:00,0.000,11.13,11.21,189,265,3.0,3.3,3.4,3.6,1.988,1.998,2.003,2.011,1.002,1.007,0.995,1.003,130.49,131.91,19.90,20.14,3.75,3.82,27.40,28.81,46.63,48.33,21.45,22.37
2015/11/29,16:20:00,0.000,11.13,11.22,191,267,3.0,3.4,3.4,3.6,1.988,1.998,2.002,2.011,1.002,1.007,0.996,1.004,130.54,131.91,19.89,20.15,3.75,3.82,27.35,28.70,46.58,48.24,21.49,22.24
2015/11/29,16:40:00,0.000,11.13,11.22,197,285,3.0,3.3,3.4,3.8,1.989,1.999,2.004,2.012,1.002,1.007,0.994,1.003,130.47,131.75,19.87,20.15,3.76,3.82,27.44,28.58,46.69,48.07,21.58,22.27
2015/11/29,17:00:00,0.000,11.14,11.23,192,259,3.0,3.4,3.4,3.6,1.990,2.000,2.005,2.012,1.002,1.006,0.994,1.002,130.36,131.60,19.90,20.15,3.76,3.82,27.41,28.64,46.64,48.16,21.62,22.24
2015/11/29,17:20:00,0.000,11.14,11.23,198,274,3.0,3.4,3.4,3.6,1.989,1.999,2.004,2.013,1.002,1.007,0.995,1.003,130.31,131.64,19.91,20.14,3.76,3.82,27.34,28.52,46.56,48.01,21.53,22.24
2015/11/29,17:40:00,0.000,11.13,11.22,196,276,2.8,3.4,3.2,3.6,1.988,1.998,2.004,2.011,1.003,1.007,0.995,1.005,130.43,131.82,19.90,20.14,3.75,3.82,27.27,28.64,46.47,48.17,21.52,22.28
2015/11/29,18:00:00,0.000,11.13,11.22,198,273,3.0,3.4,3.4,3.6,1.989,1.999,2.003,2.012,1.003,1.007,0.995,1.005,130.47,131.73,19.89,20.14,3.76,3.82,27.24,28.61,46.47,48.13,21.47,22.31
2015/11/29,18:20:00,0.000,11.14,11.23,199,262,3.0,3.4,3.4,3.6,1.989,1.998,2.004,2.011,1.003,1.007,0.996,1.004,130.36,131.69,19.90,20.13,3.76,3.82,27.31,28.39,46.54,47.87,21.63,22.15
2015/11/29,18:40:00,0.000,11.14,11.23,197,287,3.0,3.3,3.3,3.8,1.989,1.998,2.004,2.012,1.002,1.007,0.995,1.005,130.29,131.64,19.91,20.14,3.76,3.82,27.20,28.51,46.40,48.00,21.54,22.29
2015/11/29,19:00:00,0.000,11.13,11.21,195,261,3.0,3.3,3.4,3.7,1.990,1.998,2.004,2.012,1.003,1.007,0.995,1.004,130.34,131.64,19.90,20.13,3.76,3.82,27.22,28.45,46.43,47.93,21.61,22.32
2015/11/29,19:20:00,0.000,11.13,11.22,195,265,3.1,3.4,3.3,3.7,1.989,1.998,2.005,2.012,1.002,1.007,0.996,1.003,130.31,131.53,19.90,20.14,3.76,3.82,27.18,28.43,46.39,47.91,21.55,22.19
2015/11/29,19:40:00,0.000,11.14,11.22,198,268,3.0,3.3,3.4,3.7,1.988,1.999,2.004,2.012,1.002,1.007,0.996,1.004,130.36,131.53,19.89,20.15,3.76,3.82,27.25,28.38,46.48,47.84,21.60,22.21
2015/11/29,20:00:00,0.000,11.14,11.23,195,257,3.0,3.3,3.3,3.6,1.989,1.999,2.005,2.012,1.002,1.006,0.996,1.003,130.31,131.51,19.91,20.15,3.75,3.82,27.26,28.42,46.48,47.87,21.53,22.33
2015/11/29,20:20:00,0.000,11.14,11.23,191,280,3.0,3.4,3.4,3.6,1.989,1.999,2.006,2.013,1.002,1.007,0.995,1.003,130.29,131.46,19.88,20.14,3.76,3.82,27.25,28.38,46.42,47.84,21.63,22.30
2015/11/29,20:40:00,0.000,11.14,11.23,198,265,3.0,3.3,3.4,3.6,1.988,1.998,2.005,2.013,1.002,1.007,0.995,1.004,130.25,131.48,19.88,20.14,3.76,3.82,27.17,28.39,46.33,47.83,21.49,22.27
2015/11/29,21:00:00,0.000,11.13,11.22,194,273,3.0,3.3,3.4,3.6,1.988,1.997,2.004,2.012,1.003,1.007,0.997,1.006,130.38,131.78,19.87,20.12,3.76,3.82,27.13,28.51,46.29,47.97,21.44,22.24
2015/11/29,21:20:00,0.000,11.13,11.21,197,263,3.0,3.3,3.4,3.8,1.988,1.997,2.004,2.011,1.003,1.007,0.995,1.005,130.54,131.78,19.84,20.11,3.76,3.82,27.21,28.46,46.38,47.91,21.45,22.21
2015/11/29,21:40:00,0.000,11.11,11.20,184,268,3.2,3.4,3.3,3.6,1.988,1.997,2.004,2.012,1.003,1.007,0.996,1.005,130.45,131.69,19.87,20.15,3.75,3.82,27.23,28.48,46.42,47.91,21.48,22.26
2015/11/29,22:00:00,0.000,11.11,11.19,192,268,3.2,3.4,3.4,3.6,1.989,1.998,2.004,2.012,1.003,1.007,0.995,1.004,130.29,131.62,19.90,20.17,3.76,3.82,27.21,28.46,46.36,47.91,21.50,22.33
2015/11/29,22:20:00,0.000,11.10,11.19,194,265,3.0,3.3,3.4,3.6,1.988,1.997,2.005,2.013,1.002,1.007,0.995,1.005,130.34,131.62,19.89,20.14,3.76,3.82,27.20,28.49,46.34,47.91,21.49,22.29
2015/11/29,22:40:00,0.000,11.09,11.19,195,264,3.0,3.6,3.4,3.8,1.988,1.997,2.005,2.013,1.002,1.007,0.996,1.005,130.29,131.66,19.86,20.11,3.76,3.82,27.09,28.36,46.22,47.77,21.46,22.27
2015/11/29,23:00:00,0.000,11.08,11.17,191,263,3.2,3.6,3.4,3.8,1.988,1.997,2.006,2.013,1.002,1.007,0.995,1.004,130.20,131.48,19.90,20.12,3.76,3.83,27.13,28.40,46.22,47.79,21.45,22.25
2015/11/29,23:20:00,0.000,11.08,11.17,195,263,3.2,3.4,3.4,3.6,1.988,1.997,2.006,2.014,1.002,1.007,0.996,1.004,130.16,131.44,19.88,20.13,3.76,3.83,27.08,28.34,46.20,47.73,21.45,22.31
2015/11/29,23:40:00,0.000,11.08,11.17,198,258,3.2,3.4,3.4,3.8,1.989,1.998,2.006,2.014,1.001,1.006,0.995,1.004,130.11,131.35,19.87,20.16,3.76,3.83,27.10,28.32,46.24,47.68,21.51,22.33
2015/11/30,00:00:00,0.000,11.08,11.16,192,255,3.2,3.6,3.4,3.6,1.988,1.998,2.005,2.014,1.002,1.007,0.995,1.004,130.13,131.39,19.90,20.12,3.76,3.83,27.10,28.28,46.24,47.67,21.58,22.28
2015/11/30,00:20:00,0.000,11.08,11.17,195,276,3.0,3.4,3.4,3.6,1.988,1.997,2.006,2.013,1.002,1.007,0.995,1.006,130.13,131.37,19.88,20.13,3.76,3.83,27.02,28.27,46.13,47.67,21.55,22.36
2015/11/30,00:40:00,0.000,11.08,11.17,197,262,3.2,3.6,3.4,3.6,1.988,1.998,2.006,2.014,1.002,1.006,0.995,1.004,129.98,131.26,19.87,20.13,3.76,3.82,27.06,28.12,46.20,47.52,21.48,22.28
2015/11/30,01:00:00,0.000,11.09,11.18,192,262,3.2,3.4,3.4,3.8,1.988,1.997,2.006,2.014,1.002,1.006,0.996,1.005,130.02,131.35,19.89,20.11,3.76,3.83,27.07,28.24,46.24,47.65,21.58,22.27
2015/11/30,01:20:00,0.000,11.09,11.18,188,261,3.2,3.4,3.4,3.6,1.988,1.997,2.006,2.014,1.002,1.007,0.996,1.005,130.18,131.46,19.87,20.12,3.76,3.82,27.03,28.42,46.18,47.87,21.47,22.24
2015/11/30,01:40:00,0.000,11.08,11.17,198,266,3.2,3.4,3.4,3.8,1.988,1.997,2.006,2.014,1.002,1.007,0.996,1.004,130.11,131.35,19.88,20.13,3.76,3.84,26.95,28.19,46.08,47.60,21.54,22.25
2015/11/30,02:00:00,0.000,11.09,11.18,195,263,3.2,3.6,3.4,3.6,1.988,1.997,2.006,2.013,1.003,1.007,0.996,1.005,130.04,131.35,19.86,20.12,3.76,3.82,26.98,28.20,46.10,47.59,21.53,22.28
2015/11/30,02:20:00,0.000,11.09,11.18,188,259,3.2,3.4,3.4,3.6,1.988,1.997,2.005,2.014,1.002,1.007,0.996,1.005,130.07,131.39,19.89,20.13,3.76,3.84,26.99,28.11,46.11,47.49,21.55,22.31
2015/11/30,02:40:00,0.000,11.09,11.18,196,259,3.2,3.4,3.4,3.6,1.988,1.998,2.006,2.014,1.002,1.007,0.996,1.006,130.07,131.33,19.88,20.17,3.76,3.83,26.99,28.21,46.11,47.61,21.43,22.35
2015/11/30,03:00:00,0.000,11.09,11.18,191,268,3.2,3.4,3.4,3.6,1.988,1.997,2.006,2.014,1.002,1.007,0.996,1.005,130.07,131.28,19.87,20.13,3.77,3.83,26.95,28.20,46.03,47.55,21.43,22.26
2015/11/30,03:20:00,0.000,11.09,11.18,198,263,3.2,3.4,3.4,3.6,1.988,1.997,2.006,2.014,1.002,1.007,0.997,1.005,129.91,131.28,19.85,20.11,3.77,3.82,26.82,28.12,45.85,47.47,21.58,22.23
2015/11/30,03:40:00,0.000,11.08,11.17,187,268,3.1,3.4,3.4,3.9,1.988,1.997,2.006,2.015,1.002,1.007,0.995,1.005,130.11,131.26,19.87,20.12,3.77,3.83,26.99,28.22,46.06,47.57,21.49,22.26
2015/11/30,04:00:00,0.000,11.08,11.17,192,263,3.0,3.6,3.4,3.6,1.988,1.997,2.007,2.015,1.002,1.007,0.997,1.005,130.02,131.19,19.87,20.12,3.76,3.83,26.93,28.12,45.99,47.48,21.60,22.26
2015/11/30,04:20:00,0.000,11.08,11.16,195,262,3.2,3.4,3.4,3.8,1.988,1.997,2.006,2.015,1.002,1.007,0.996,1.005,130.00,131.17,19.87,20.11,3.76,3.84,26.96,28.15,46.02,47.47,21.57,22.29
2015/11/30,04:40:00,0.000,11.08,11.17,193,268,3.0,3.4,3.4,3.8,1.988,1.997,2.007,2.015,1.001,1.006,0.996,1.004,129.86,131.17,19.84,20.16,3.77,3.83,26.86,28.12,45.88,47.44,21.50,22.30
2015/11/30,05:00:00,0.000,11.08,11.17,181,265,3.2,3.4,3.4,3.6,1.988,1.996,2.007,2.015,1.002,1.006,0.997,1.005,129.95,131.12,19.89,20.12,3.77,3.84,26.93,28.08,45.98,47.41,21.56,22.29
2015/11/30,05:20:00,0.000,11.08,11.17,190,274,3.2,3.6,3.4,4.0,1.988,1.997,2.007,2.015,1.002,1.006,0.995,1.004,129.82,131.10,19.87,20.11,3.76,3.83,26.88,28.07,45.93,47.38,21.56,22.28
2015/11/30,05:40:00,0.000,11.09,11.18,192,266,3.2,3.3,3.4,3.8,1.988,1.997,2.008,2.016,1.001,1.006,0.996,1.004,129.73,130.99,19.87,20.13,3.77,3.84,26.85,28.02,45.88,47.28,21.56,22.32
2015/11/30,06:00:00,0.000,11.10,11.20,193,266,3.2,3.3,3.4,3.6,1.988,1.998,2.007,2.015,1.001,1.006,0.996,1.005,129.73,131.08,19.87,20.12,3.77,3.84,26.83,27.97,45.85,47.26,21.54,22.34
2015/11/30,06:20:00,0.000,11.10,11.20,188,264,3.0,3.3,3.4,3.6,1.988,1.997,2.008,2.015,1.001,1.006,0.996,1.004,129.80,131.01,19.87,20.11,3.77,3.84,26.84,28.11,45.85,47.43,21.59,22.36
2015/11/30,06:40:00,0.000,11.11,11.21,192,266,3.1,3.3,3.4,3.6,1.988,1.997,2.008,2.015,1.001,1.006,0.995,1.004,129.73,130.99,19.86,20.15,3.76,3.84,26.73,27.99,45.73,47.27,21.56,22.32
2015/11/30,07:00:00,0.000,11.12,11.21,196,259,3.0,3.3,3.4,3.6,1.988,1.997,2.008,2.015,1.001,1.006,0.996,1.004,129.71,130.94,19.87,20.11,3.77,3.84,26.84,28.03,45.86,47.33,21.54,22.31
2015/11/30,07:20:00,0.000,11.13,11.22,186,260,3.0,3.4,3.4,3.6,1.988,1.997,2.007,2.015,1.001,1.006,0.995,1.003,129.71,130.97,19.87,20.11,3.77,3.83,26.77,27.94,45.78,47.23,21.62,22.28
2015/11/30,07:40:00,0.000,11.13,11.22,196,257,3.0,3.3,3.4,3.6,1.988,1.997,2.007,2.015,1.002,1.006,0.995,1.004,129.77,131.01,19.88,20.11,3.77,3.85,26.76,27.97,45.79,47.29,21.56,22.32
2015/11/30,08:00:00,0.000,11.14,11.23,185,265,3.0,3.3,3.3,3.6,1.988,1.997,2.007,2.016,1.001,1.006,0.996,1.004,129.77,130.92,19.85,20.11,3.77,3.85,26.80,27.95,45.82,47.23,21.58,22.35
2015/11/30,08:20:00,0.000,11.14,11.23,193,270,3.0,3.3,3.3,3.5,1.987,1.997,2.007,2.016,1.001,1.006,0.996,1.004,129.73,131.15,19.87,20.13,3.77,3.83,26.63,28.02,45.63,47.33,21.45,22.34
2015/11/30,08:40:00,0.000,11.13,11.22,195,258,3.0,3.3,3.4,3.6,1.987,1.996,2.006,2.015,1.002,1.007,0.995,1.005,129.84,131.12,19.85,20.11,3.77,3.83,26.75,28.02,45.76,47.33,21.58,22.20
2015/11/30,09:00:00,0.000,11.13,11.22,196,274,3.0,3.3,3.3,3.6,1.987,1.996,2.006,2.014,1.002,1.007,0.997,1.005,129.86,131.08,19.87,20.10,3.77,3.83,26.73,27.90,45.71,47.16,21.52,22.27
2015/11/30,09:20:00,0.000,11.13,11.22,191,281,3.0,3.3,3.3,3.6,1.986,1.995,2.006,2.015,1.002,1.007,0.997,1.005,129.82,131.01,19.84,20.10,3.77,3.83,26.66,27.98,45.64,47.26,21.59,22.20
2015/11/30,09:40:00,0.000,11.12,11.21,199,266,3.0,3.3,3.4,3.6,1.986,1.996,2.007,2.015,1.002,1.007,0.997,1.005,129.82,131.10,19.85,20.09,3.77,3.83,26.70,27.89,45.68,47.15,21.49,22.25
2015/11/30,10:00:00,0.000,11.11,11.20,196,269,2.9,3.3,3.4,3.6,1.986,1.997,2.006,2.015,1.002,1.007,0.997,1.006,129.82,131.01,19.84,20.10,3.76,3.83,26.72,27.90,45.70,47.16,21.58,22.18
2015/11/30,10:20:00,0.000,11.10,11.20,190,262,3.0,3.3,3.4,3.6,1.986,1.996,2.007,2.015,1.002,1.007,0.998,1.006,129.77,130.94,19.86,20.09,3.76,3.84,26.70,27.92,45.67,47.14,21.55,22.26
2015/11/30,10:40:00,0.000,11.11,11.19,198,261,3.0,3.4,3.4,3.6,1.986,1.996,2.007,2.015,1.002,1.006,0.997,1.005,129.73,130.88,19.85,20.10,3.77,3.84,26.69,27.80,45.68,47.05,21.66,22.25
2015/11/30,11:00:00,0.000,11.10,11.20,192,275,3.2,3.3,3.4,3.7,1.987,1.996,2.008,2.016,1.002,1.006,0.996,1.005,129.68,130.97,19.83,20.08,3.77,3.84,26.61,27.92,45.56,47.17,21.59,22.27
2015/11/30,11:20:00,0.000,11.10,11.19,198,260,3.2,3.3,3.4,3.6,1.987,1.996,2.007,2.016,1.001,1.006,0.996,1.005,129.66,130.88,19.84,20.09,3.77,3.84,26.71,27.85,45.64,47.05,21.62,22.24
2015/11/30,11:40:00,0.000,11.10,11.20,187,266,3.0,3.3,3.4,3.8,1.987,1.995,2.008,2.016,1.001,1.006,0.996,1.004,129.62,130.76,19.81,20.08,3.77,3.84,26.65,27.77,45.57,46.96,21.54,22.27
2015/11/30,12:00:00,0.000,11.10,11.18,192,270,2.8,3.3,3.3,3.7,1.986,1.996,2.007,2.016,1.001,1.006,0.997,1.006,129.64,130.92,19.85,20.09,3.76,3.84,26.64,27.80,45.58,47.02,21.56,22.24
2015/11/30,12:20:00,0.000,11.09,11.18,190,277,3.1,3.3,3.4,3.6,1.986,1.996,2.009,2.017,1.001,1.006,0.997,1.005,129.57,130.81,19.81,20.10,3.77,3.84,26.69,27.86,45.62,47.05,21.61,22.34
2015/11/30,12:40:00,0.000,11.10,11.19,191,258,3.2,3.3,3.4,3.8,1.986,1.996,2.008,2.016,1.001,1.006,0.996,1.004,129.59,130.81,19.84,20.08,3.77,3.84,26.68,27.81,45.62,47.04,21.61,22.22
2015/11/30,13:00:00,0.000,11.10,11.19,188,263,3.0,3.4,3.4,3.7,1.987,1.997,2.009,2.017,1.001,1.005,0.995,1.004,129.53,130.70,19.86,20.11,3.78,3.84,26.64,27.89,45.61,47.12,21.66,22.29
2015/11/30,13:20:00,0.000,11.09,11.19,196,510,2.8,3.3,3.4,3.6,1.987,1.996,2.009,2.018,1.001,1.005,0.995,1.005,129.41,130.72,19.86,20.10,3.78,3.84,26.59,27.83,45.52,47.05,21.53,22.30
2015/11/30,13:40:00,0.000,11.09,11.19,191,273,3.2,3.3,3.4,3.6,1.987,1.997,2.009,2.017,1.001,1.006,0.997,1.005,129.48,130.81,19.86,20.11,3.77,3.84,26.64,27.92,45.58,47.15,21.63,22.26
2015/11/30,14:00:00,0.000,11.09,11.19,192,269,3.0,3.3,3.4,3.6,1.987,1.996,2.008,2.015,1.002,1.006,0.997,1.005,129.62,130.79,19.85,20.09,3.77,3.84,26.57,27.78,45.50,46.99,21.59,22.25
2015/11/30,14:20:00,0.000,11.09,11.19,192,285,3.2,3.3,3.4,3.6,1.985,1.996,2.008,2.016,1.002,1.006,0.996,1.005,129.53,130.72,19.81,20.10,3.77,3.84,26.54,27.79,45.46,46.99,21.56,22.23
2015/11/30,14:40:00,0.000,11.09,11.19,196,270,3.2,3.4,3.3,3.6,1.986,1.995,2.008,2.015,1.002,1.006,0.996,1.004,129.62,130.81,19.83,20.10,3.77,3.85,26.57,27.73,45.53,46.93,21.56,22.28
